source_x,source_y,reference_x,reference_y,confidence,residual_px,inlier
32.0000,32.0000,51.8822,33.4718,0.9729,1.1049,1
40.0000,32.0000,60.4684,33.8223,0.9606,0.4622,1
48.0000,32.0000,68.5951,34.0888,0.9877,0.2144,1
56.0000,32.0000,76.0323,34.2762,0.9453,0.7698,1
64.0000,32.0000,84.9566,34.3674,0.8110,0.1966,1
32.0000,40.0000,52.7398,42.0091,0.9596,0.1495,1
40.0000,40.0000,60.4637,42.2093,0.9311,0.3019,1
48.0000,40.0000,68.5001,42.4955,0.9888,0.4141,1
56.0000,40.0000,76.8160,42.9309,0.8790,0.7225,1
64.0000,40.0000,84.6729,42.7613,0.7077,0.5552,1
32.0000,48.0000,52.7283,50.8158,0.9591,0.6607,1
40.0000,48.0000,60.7201,50.4613,0.8169,0.2925,1
48.0000,48.0000,68.2514,50.0456,0.9009,0.5496,1
56.0000,48.0000,77.0499,50.6445,0.9555,0.5051,1
32.0000,56.0000,52.3693,58.5203,0.8987,0.5268,1
40.0000,56.0000,61.0365,58.0410,0.9327,0.3008,1
48.0000,56.0000,68.3178,58.5802,0.9715,0.6095,1
56.0000,56.0000,76.9685,58.3478,0.9496,0.2222,1
64.0000,56.0000,84.0298,58.6091,0.9799,0.8798,1
32.0000,64.0000,52.6771,65.9723,0.9247,0.1901,1
40.0000,64.0000,60.9856,66.2204,0.9688,0.2276,1
48.0000,64.0000,68.1815,66.0276,0.9089,0.6209,1
56.0000,64.0000,75.9392,66.2630,0.9940,0.8639,1
64.0000,64.0000,84.5371,66.0203,0.9919,0.3431,1
72.0000,64.0000,92.3860,66.4838,0.6879,0.5160,1
32.0000,72.0000,52.1376,74.5405,0.6353,0.7258,1
40.0000,72.0000,60.7455,74.0636,0.8657,0.1012,1
48.0000,72.0000,68.7914,73.6223,0.8058,0.5573,1
56.0000,72.0000,76.0842,74.3234,0.9551,0.7281,1
64.0000,72.0000,83.8961,74.4205,0.9816,0.9461,1
72.0000,72.0000,91.7664,74.1779,0.9315,1.0720,1
80.0000,72.0000,100.2472,74.1655,0.9714,0.6134,1
32.0000,80.0000,53.1815,81.7105,0.7169,0.6129,1
40.0000,80.0000,60.1456,81.7978,0.8310,0.7176,1
48.0000,80.0000,68.7193,81.7952,0.8259,0.3866,1
56.0000,80.0000,76.6228,82.2522,0.9728,0.1881,1
64.0000,80.0000,84.1673,81.9633,0.9636,0.6972,1
72.0000,80.0000,92.4186,81.5806,0.9643,0.7700,1
80.0000,80.0000,99.9944,82.3010,0.9245,0.8631,1
88.0000,80.0000,108.2153,81.6425,0.6200,0.9026,1
32.0000,88.0000,52.7512,90.1881,0.8526,0.0483,1
40.0000,88.0000,60.1406,90.1896,0.6630,0.6259,1
48.0000,88.0000,68.8603,90.4853,0.9628,0.3212,1
56.0000,88.0000,76.5189,90.5897,0.9766,0.4895,1
64.0000,88.0000,84.5687,90.1246,0.9867,0.2642,1
72.0000,88.0000,91.8896,90.2538,0.9911,0.9487,1
80.0000,88.0000,99.8692,89.7992,0.9810,1.0808,1
88.0000,88.0000,107.7596,90.5690,0.8668,1.1571,1
32.0000,96.0000,52.7725,98.4437,0.9834,0.3078,1
40.0000,96.0000,60.8488,98.2098,0.9601,0.1001,1
48.0000,96.0000,68.8086,98.4395,0.9701,0.2703,1
56.0000,96.0000,76.9456,97.7963,0.9687,0.4163,1
64.0000,96.0000,83.9214,98.5492,0.8991,0.9628,1
72.0000,96.0000,92.0989,98.4128,0.9112,0.7638,1
80.0000,96.0000,100.3554,98.3301,0.6278,0.5093,1
88.0000,96.0000,107.6255,97.9832,0.8402,1.2778,1
96.0000,96.0000,115.8616,98.6813,0.8316,1.1095,1
104.0000,96.0000,123.9914,98.8806,0.6303,1.0938,1
32.0000,104.0000,52.5551,106.5894,0.9956,0.4949,1
40.0000,104.0000,60.6847,106.8832,0.9662,0.7372,1
48.0000,104.0000,68.2435,106.7241,0.9698,0.7762,1
56.0000,104.0000,76.0904,106.2521,0.9713,0.7152,1
64.0000,104.0000,84.6637,106.1277,0.9504,0.1729,1
72.0000,104.0000,92.0253,106.3565,0.6903,0.8250,1
80.0000,104.0000,100.0478,106.1489,0.5830,0.8132,1
96.0000,104.0000,115.6457,106.8352,0.9573,1.3700,1
104.0000,104.0000,123.8796,106.4579,0.9747,1.0455,1
179.0000,32.0000,199.3490,34.2074,0.8037,0.7734,1
155.0000,48.0000,175.9198,50.7617,0.5502,0.3643,1
163.0000,64.0000,183.7732,67.4850,0.5507,1.0956,1
171.0000,64.0000,192.1091,66.9931,0.8394,0.5556,1
163.0000,72.0000,183.8206,74.6935,0.7485,0.3523,1
171.0000,72.0000,192.2969,75.1114,0.8421,0.7151,1
179.0000,72.0000,199.4519,75.0923,0.8846,0.8950,1
163.0000,80.0000,183.6940,82.3736,0.7847,0.3514,1
171.0000,80.0000,192.5809,82.6770,0.9811,0.5743,1
179.0000,80.0000,200.3944,82.7966,0.8675,0.4686,1
187.0000,80.0000,207.8613,82.5721,0.6165,0.2581,1
155.0000,88.0000,175.9578,90.4093,0.5557,0.0684,1
163.0000,88.0000,183.7465,90.2074,0.7784,0.3613,1
171.0000,88.0000,191.5051,90.0619,0.8445,0.6670,1
179.0000,88.0000,199.7854,90.6744,0.6072,0.3714,1
187.0000,88.0000,207.6995,90.3778,0.6928,0.4070,1
155.0000,96.0000,175.9237,99.1528,0.6073,0.7657,1
163.0000,96.0000,183.7777,98.4660,0.8211,0.2714,1
171.0000,96.0000,191.7113,97.9977,0.9836,0.5543,1
179.0000,96.0000,199.4978,98.2355,0.8165,0.6179,1
187.0000,96.0000,208.1910,98.7544,0.8186,0.3082,1
195.0000,96.0000,216.1764,98.2727,0.7582,0.2136,1
171.0000,104.0000,191.5953,106.3152,0.6752,0.4790,1
179.0000,104.0000,199.7878,106.5452,0.9532,0.3101,1
187.0000,104.0000,208.5383,106.3581,0.9950,0.4515,1
195.0000,104.0000,216.0122,106.7162,0.9752,0.2631,1
203.0000,104.0000,224.3519,106.5037,0.7132,0.2183,1
278.0000,32.0000,299.3587,33.9148,0.9729,0.7631,1
286.0000,32.0000,307.2847,34.4395,0.9859,0.2550,1
294.0000,32.0000,315.2097,34.6223,0.9007,0.1535,1
302.0000,32.0000,323.1703,35.2259,0.6512,0.5330,1
310.0000,32.0000,331.6137,34.9340,0.7899,0.3081,1
334.0000,32.0000,355.8603,34.1131,0.9377,0.8062,1
278.0000,40.0000,298.9658,41.7747,0.9934,0.9582,1
286.0000,40.0000,306.8596,42.0377,0.9849,0.7970,1
294.0000,40.0000,315.2317,42.2360,0.9818,0.4815,1
302.0000,40.0000,323.3957,42.6129,0.8322,0.1172,1
334.0000,40.0000,355.2450,42.0204,0.7877,0.7903,1
278.0000,48.0000,299.0834,50.3467,0.9989,0.3892,1
286.0000,48.0000,307.0677,50.4182,0.9924,0.3673,1
294.0000,48.0000,315.2466,50.1503,0.9886,0.5599,1
302.0000,48.0000,323.6701,50.4393,0.9360,0.4217,1
334.0000,48.0000,355.1102,49.8681,0.6655,0.9715,1
278.0000,56.0000,299.0163,58.0429,0.9969,0.6854,1
286.0000,56.0000,307.2093,58.7019,0.9915,0.1115,1
294.0000,56.0000,315.5323,58.7736,0.9707,0.2085,1
302.0000,56.0000,323.1867,58.2276,0.9917,0.5172,1
278.0000,64.0000,299.3225,66.5735,0.9575,0.0922,1
286.0000,64.0000,307.9131,66.4271,0.5842,0.6451,1
302.0000,64.0000,323.6824,66.2813,0.5113,0.5418,1
278.0000,72.0000,299.1605,74.5887,0.5639,0.1584,1
286.0000,72.0000,307.2889,73.7056,0.6447,0.9718,1
294.0000,72.0000,315.0362,74.7990,0.5067,0.3196,1
350.0000,72.0000,370.4459,74.9630,0.7603,1.0296,1
302.0000,80.0000,322.5460,82.5198,0.7648,0.8317,1
358.0000,80.0000,379.6006,82.1255,0.8691,0.7086,1
318.0000,96.0000,338.2034,98.5770,0.7315,1.2000,1
318.0000,104.0000,338.0664,107.2716,0.6305,1.4327,1
449.0000,48.0000,470.3618,50.8057,0.6356,0.3928,1
465.0000,48.0000,487.0727,50.4902,0.9038,0.6689,1
433.0000,56.0000,454.0354,58.9809,0.7249,0.6155,1
433.0000,96.0000,454.2906,98.5022,0.6289,0.5952,1
425.0000,104.0000,446.5551,107.0960,0.7692,0.1619,1
433.0000,104.0000,454.0393,106.4967,0.8116,0.7759,1
441.0000,104.0000,462.3676,107.0885,0.7363,0.3193,1
473.0000,104.0000,477.6866,120.7565,0.5145,21.8779,0
588.0000,48.0000,609.4135,51.2296,0.7124,0.5931,1
620.0000,48.0000,641.3233,50.8981,0.5409,0.8928,1
580.0000,72.0000,601.7727,74.4838,0.8762,0.8344,1
671.0000,32.0000,693.2071,34.4441,0.9863,1.0529,1
679.0000,32.0000,701.1107,34.8192,0.9699,0.7007,1
687.0000,32.0000,709.1094,34.4260,0.9668,1.1101,1
695.0000,32.0000,716.3552,34.4284,0.9122,1.4266,0
703.0000,32.0000,724.9075,34.4331,0.9909,1.1839,1
711.0000,32.0000,732.7765,35.7135,0.9847,0.5178,1
671.0000,40.0000,693.3245,43.3641,0.9675,0.1889,1
679.0000,40.0000,701.3107,43.2338,0.9858,0.2961,1
687.0000,40.0000,708.7839,43.2879,0.9963,0.5001,1
695.0000,40.0000,716.8675,43.0105,0.9658,0.6512,1
703.0000,40.0000,725.0233,42.9746,0.9897,0.6317,1
711.0000,40.0000,732.2028,43.0963,0.7226,1.1772,1
671.0000,48.0000,692.6598,51.0337,0.8890,0.6978,1
679.0000,48.0000,700.9775,50.9185,0.9970,0.6314,1
687.0000,48.0000,709.2746,51.3035,0.9945,0.2265,1
695.0000,48.0000,716.6168,51.2533,0.6421,0.6877,1
703.0000,48.0000,724.8747,51.4141,0.9414,0.4107,1
671.0000,56.0000,693.2805,59.6881,0.9884,0.2210,1
679.0000,56.0000,700.6653,58.9482,0.9917,0.7754,1
687.0000,56.0000,709.0025,59.0130,0.9815,0.5541,1
703.0000,56.0000,724.2313,59.0175,0.8094,1.1602,1
671.0000,64.0000,693.1694,67.1874,0.9592,0.2976,1
679.0000,64.0000,701.1997,66.8222,0.9614,0.6790,1
687.0000,64.0000,709.3129,67.7656,0.9737,0.2632,1
671.0000,72.0000,693.1810,75.6905,0.9636,0.2093,1
679.0000,72.0000,701.5255,75.3508,0.9814,0.3514,1
679.0000,80.0000,701.7154,83.1458,0.8790,0.6170,1
687.0000,80.0000,709.3450,83.5325,0.9420,0.1221,1
687.0000,88.0000,708.7519,90.8830,0.9096,0.7844,1
695.0000,88.0000,717.6499,90.7888,0.5537,0.8414,1
687.0000,96.0000,708.9913,99.1121,0.9019,0.4579,1
695.0000,96.0000,717.1522,99.0751,0.7910,0.4564,1
703.0000,96.0000,725.1929,99.0221,0.8043,0.5214,1
671.0000,104.0000,693.6233,107.4245,0.6717,0.4359,1
679.0000,104.0000,701.1490,106.4367,0.8138,1.0507,1
687.0000,104.0000,709.7707,107.1847,0.9192,0.6309,1
834.0000,32.0000,856.5689,35.9086,0.6499,0.0727,1
842.0000,32.0000,864.7643,35.6755,0.8564,0.2621,1
850.0000,32.0000,872.2399,35.0795,0.9238,0.8656,1
858.0000,32.0000,880.3106,35.8550,0.7029,0.2997,1
866.0000,32.0000,888.6011,36.3438,0.6550,0.4403,1
874.0000,32.0000,896.6520,36.2042,0.8448,0.2833,1
882.0000,32.0000,905.0082,35.7461,0.6229,0.3951,1
850.0000,40.0000,871.9438,43.1179,0.9767,0.9904,1
858.0000,40.0000,880.8038,44.2796,0.9279,0.4407,1
866.0000,40.0000,888.3041,44.3561,0.5782,0.5578,1
874.0000,40.0000,897.2296,43.7201,0.8780,0.6173,1
882.0000,40.0000,904.4040,44.7060,0.9363,0.8137,1
850.0000,48.0000,872.9474,51.5318,0.8633,0.4876,1
858.0000,48.0000,880.6417,51.9153,0.7908,0.0470,1
866.0000,48.0000,888.7007,51.9009,0.7349,0.0735,1
882.0000,48.0000,905.0878,52.1634,0.9116,0.4837,1
850.0000,56.0000,872.7510,59.2206,0.5986,0.6605,1
866.0000,56.0000,889.0145,60.0208,0.5954,0.4069,1
874.0000,56.0000,896.1683,60.4574,0.9495,0.7250,1
882.0000,56.0000,904.3578,60.4167,0.7542,0.5761,1
890.0000,56.0000,912.9702,60.6317,0.8714,0.7447,1
874.0000,64.0000,896.7111,68.2299,0.8361,0.3278,1
882.0000,64.0000,904.5245,68.5748,0.8980,0.6642,1
890.0000,64.0000,912.4942,68.7177,0.6325,0.7980,1
874.0000,72.0000,896.9476,75.5570,0.8372,0.4607,1
882.0000,72.0000,904.9459,76.2410,0.7836,0.4253,1
890.0000,72.0000,912.7710,76.6308,0.9047,0.6975,1
965.0000,56.0000,987.5787,60.8127,0.5105,0.7611,1
941.0000,72.0000,963.8311,76.5044,0.6083,0.4601,1
949.0000,72.0000,971.8419,76.4072,0.5866,0.3460,1
933.0000,80.0000,956.3151,84.7436,0.6042,0.8955,1
941.0000,80.0000,964.3826,84.6727,0.8838,0.8599,1
973.0000,88.0000,995.5433,92.6310,0.5124,0.6183,1
949.0000,96.0000,971.5795,100.4161,0.5340,0.4335,1
32.0000,147.0000,53.2364,149.8448,0.9665,0.8752,1
40.0000,147.0000,60.5636,149.1824,0.9406,0.2101,1
48.0000,147.0000,68.4730,149.0266,0.8008,0.3368,1
56.0000,147.0000,76.4819,149.0264,0.5714,0.3518,1
64.0000,147.0000,84.8176,149.1486,0.6653,0.0358,1
72.0000,147.0000,93.0952,149.3210,0.8040,0.2819,1
80.0000,147.0000,100.7550,149.9817,0.8282,0.7711,1
88.0000,147.0000,108.8971,149.5542,0.8690,0.3207,1
96.0000,147.0000,117.0807,149.5020,0.9395,0.3127,1
32.0000,155.0000,53.4207,157.9081,0.9624,1.0391,1
40.0000,155.0000,60.7473,157.0040,0.8679,0.1286,1
48.0000,155.0000,69.0980,157.5263,0.9365,0.4904,1
56.0000,155.0000,77.0235,157.4309,0.8955,0.3451,1
72.0000,155.0000,93.1712,157.9419,0.7980,0.8144,1
80.0000,155.0000,100.6155,157.6065,0.8242,0.4613,1
88.0000,155.0000,108.6578,158.0846,0.7377,0.8810,1
96.0000,155.0000,116.9424,158.1364,0.9056,0.8898,1
104.0000,155.0000,124.8791,157.2472,0.6753,0.0379,1
32.0000,163.0000,52.8140,165.7491,0.9355,0.6411,1
40.0000,163.0000,61.3786,165.4683,0.9899,0.6986,1
48.0000,163.0000,69.4853,165.6478,0.8414,0.8610,1
56.0000,163.0000,76.9506,165.4881,0.6951,0.3580,1
64.0000,163.0000,85.5149,165.1756,0.6333,0.6920,1
72.0000,163.0000,93.3091,165.0111,0.8727,0.5029,1
80.0000,163.0000,100.6326,165.6336,0.9443,0.4791,1
88.0000,163.0000,109.1193,165.7326,0.9409,0.5597,1
96.0000,163.0000,117.2681,165.4963,0.9768,0.4499,1
104.0000,163.0000,125.7352,165.7487,0.9373,0.9556,1
32.0000,171.0000,52.8840,173.4685,0.5219,0.3843,1
48.0000,171.0000,69.2412,172.9039,0.8337,0.5125,1
72.0000,171.0000,92.7657,173.8361,0.5913,0.6490,1
80.0000,171.0000,101.3546,172.9118,0.9837,0.5773,1
88.0000,171.0000,109.5794,173.6079,0.9672,0.7997,1
96.0000,171.0000,116.9371,173.1961,0.9795,0.0618,1
104.0000,171.0000,124.9720,174.1152,0.9830,0.8588,1
40.0000,179.0000,60.6527,181.4809,0.5280,0.3778,1
48.0000,179.0000,69.4968,181.1957,0.7035,0.7117,1
72.0000,179.0000,93.1702,181.9763,0.9082,0.8536,1
80.0000,179.0000,101.5229,182.0668,0.8398,1.0874,1
88.0000,179.0000,109.1313,181.9339,0.9526,0.7558,1
96.0000,179.0000,116.9900,181.2639,0.9885,0.0977,1
104.0000,179.0000,124.7515,181.5665,0.9926,0.3510,1
48.0000,187.0000,68.7909,189.7762,0.6967,0.6410,1
64.0000,187.0000,85.1798,188.9592,0.9277,0.4130,1
72.0000,187.0000,93.5873,189.7507,0.8508,0.9355,1
80.0000,187.0000,100.9604,190.1068,0.9801,0.9103,1
88.0000,187.0000,109.2549,189.3084,0.9142,0.3874,1
96.0000,187.0000,117.4879,189.6124,0.9579,0.7016,1
104.0000,187.0000,125.0882,189.7483,0.9678,0.5257,1
48.0000,195.0000,69.6880,197.2434,0.8649,0.9068,1
56.0000,195.0000,76.8020,197.6719,0.9669,0.5231,1
64.0000,195.0000,85.1502,197.1202,0.9007,0.3292,1
72.0000,195.0000,92.9016,197.1119,0.9683,0.0921,1
80.0000,195.0000,101.4631,197.8786,0.9695,0.9085,1
88.0000,195.0000,109.0226,197.7119,0.9551,0.5167,1
96.0000,195.0000,117.4231,198.1028,0.9291,1.0173,1
104.0000,195.0000,125.2828,197.7151,0.7749,0.5939,1
48.0000,203.0000,69.1030,205.4112,0.8481,0.4226,1
56.0000,203.0000,77.7418,205.8624,0.8444,1.1784,1
80.0000,203.0000,101.1996,205.2560,0.7574,0.3442,1
88.0000,203.0000,108.8331,206.0064,0.9817,0.7951,1
96.0000,203.0000,117.0464,205.2496,0.8474,0.1511,1
80.0000,211.0000,100.7908,214.0379,0.9009,0.8479,1
88.0000,211.0000,108.7259,213.4157,0.7099,0.2568,1
104.0000,211.0000,125.4391,213.9533,0.9343,0.8826,1
56.0000,219.0000,77.0592,220.8683,0.5882,0.3703,1
80.0000,219.0000,101.3679,221.6301,0.9317,0.6713,1
88.0000,219.0000,108.8895,221.6899,0.9692,0.4835,1
96.0000,219.0000,117.0734,221.8988,0.9587,0.6982,1
104.0000,219.0000,124.8550,221.1703,0.9844,0.0922,1
48.0000,227.0000,68.6162,228.6787,0.5205,0.4739,1
56.0000,227.0000,77.1581,229.2144,0.8683,0.3592,1
80.0000,227.0000,100.7678,229.8424,0.9795,0.6624,1
88.0000,227.0000,108.7853,229.0481,0.9812,0.1817,1
96.0000,227.0000,117.1274,230.0053,0.9781,0.8181,1
104.0000,227.0000,125.0458,229.8965,0.9876,0.6724,1
32.0000,235.0000,52.6077,236.7254,0.7869,0.3865,1
64.0000,235.0000,84.4839,237.1234,0.7333,0.3430,1
80.0000,235.0000,101.4105,237.6915,0.9396,0.7476,1
88.0000,235.0000,108.9395,237.9454,0.8778,0.7475,1
96.0000,235.0000,116.7355,237.5342,0.7921,0.3564,1
104.0000,235.0000,125.0784,237.9139,0.9903,0.6993,1
171.0000,147.0000,192.0679,149.3636,0.8201,0.0442,1
179.0000,147.0000,199.3410,149.6781,0.8070,0.7829,1
187.0000,147.0000,207.8598,149.1936,0.9455,0.3446,1
195.0000,147.0000,216.6911,149.0738,0.9124,0.6902,1
203.0000,147.0000,224.1993,149.5227,0.9365,0.0797,1
211.0000,147.0000,232.2920,149.8671,0.9941,0.4004,1
219.0000,147.0000,239.7534,149.0389,0.9912,0.6286,1
227.0000,147.0000,247.6182,149.8312,0.9959,0.6487,1
235.0000,147.0000,255.7033,150.0043,0.9727,0.6848,1
147.0000,155.0000,168.6412,157.3305,0.6884,0.6318,1
155.0000,155.0000,176.7041,157.4432,0.8533,0.6801,1
163.0000,155.0000,185.0062,157.6415,0.7729,0.9933,1
171.0000,155.0000,192.2657,157.6434,0.9253,0.3127,1
179.0000,155.0000,199.8231,157.8714,0.9341,0.5192,1
187.0000,155.0000,208.2091,157.9511,0.9586,0.5246,1
195.0000,155.0000,216.4259,157.6864,0.9287,0.3853,1
203.0000,155.0000,224.1773,157.5701,0.9579,0.1069,1
211.0000,155.0000,232.5490,157.5093,0.9938,0.3954,1
219.0000,155.0000,239.8840,157.3514,0.9923,0.3265,1
227.0000,155.0000,248.1968,157.0521,0.9965,0.4695,1
235.0000,155.0000,255.7630,157.4233,0.9830,0.4599,1
147.0000,163.0000,168.4821,166.0749,0.9688,0.8639,1
155.0000,163.0000,176.9900,165.8723,0.9678,1.0860,1
163.0000,163.0000,185.0512,165.5480,0.9737,1.0182,1
171.0000,163.0000,191.5553,165.8037,0.9384,0.6487,1
179.0000,163.0000,200.1430,165.3704,0.9683,0.0772,1
187.0000,163.0000,208.7717,166.0172,0.9829,0.8887,1
195.0000,163.0000,216.3231,165.5015,0.9444,0.2107,1
203.0000,163.0000,223.9698,166.0029,0.8134,0.5599,1
211.0000,163.0000,232.2494,166.0826,0.9819,0.6051,1
219.0000,163.0000,239.5285,165.2436,0.9875,0.6939,1
227.0000,163.0000,247.6950,165.8722,0.9909,0.6088,1
235.0000,163.0000,255.4781,165.7254,0.9977,0.7548,1
147.0000,171.0000,168.4612,173.5631,0.9055,0.4994,1
155.0000,171.0000,175.9453,173.4291,0.9690,0.1050,1
163.0000,171.0000,183.9356,173.8187,0.8213,0.4508,1
171.0000,171.0000,192.7493,173.7351,0.7908,0.7630,1
179.0000,171.0000,199.4446,173.5337,0.9486,0.6489,1
187.0000,171.0000,208.3425,173.4464,0.7863,0.2423,1
195.0000,171.0000,216.5306,173.3768,0.8719,0.4181,1
203.0000,171.0000,223.9151,173.7551,0.9396,0.3648,1
211.0000,171.0000,232.2158,173.3111,0.9891,0.1815,1
219.0000,171.0000,240.0146,173.6994,0.9931,0.2556,1
227.0000,171.0000,247.3838,173.8368,0.9910,0.8687,1
235.0000,171.0000,256.3261,173.3246,0.9840,0.2383,1
147.0000,179.0000,168.3854,182.1439,0.9609,0.8823,1
155.0000,179.0000,175.8097,181.7658,0.9836,0.4595,1
163.0000,179.0000,184.5207,181.0768,0.9622,0.5618,1
171.0000,179.0000,192.1846,181.7390,0.8678,0.3639,1
179.0000,179.0000,199.9459,181.6922,0.9437,0.3119,1
187.0000,179.0000,208.7569,181.5992,0.9434,0.6778,1
195.0000,179.0000,215.9861,181.5478,0.9579,0.1677,1
203.0000,179.0000,223.7265,181.3117,0.9964,0.4373,1
211.0000,179.0000,231.8417,181.3263,0.9921,0.3486,1
219.0000,179.0000,240.0351,181.7345,0.9960,0.2759,1
227.0000,179.0000,248.0063,181.8738,0.9780,0.4060,1
235.0000,179.0000,256.6906,181.3855,0.9962,0.5023,1
147.0000,187.0000,168.5499,189.3806,0.9566,0.5402,1
155.0000,187.0000,176.3123,189.6793,0.9050,0.4277,1
163.0000,187.0000,184.3021,189.0656,0.9092,0.4013,1
171.0000,187.0000,192.1744,189.3110,0.7278,0.1361,1
179.0000,187.0000,200.2546,189.0973,0.5851,0.3557,1
187.0000,187.0000,207.9244,189.3998,0.8996,0.1788,1
195.0000,187.0000,215.9348,190.0628,0.9871,0.6473,1
203.0000,187.0000,223.8795,189.8942,0.9935,0.5058,1
211.0000,187.0000,231.7439,190.1223,0.9967,0.7663,1
219.0000,187.0000,240.3493,189.3533,0.9564,0.2242,1
227.0000,187.0000,248.1135,188.9413,0.9807,0.5733,1
235.0000,187.0000,256.3737,189.0696,0.9719,0.4850,1
155.0000,195.0000,176.8409,197.2837,0.7434,0.8147,1
163.0000,195.0000,183.3976,196.9498,0.7182,0.7753,1
171.0000,195.0000,192.6314,197.1294,0.6912,0.6226,1
187.0000,195.0000,208.7968,197.9942,0.9666,0.9000,1
195.0000,195.0000,216.7170,198.0717,0.9939,0.8699,1
203.0000,195.0000,224.7334,197.6645,0.9947,0.6311,1
211.0000,195.0000,232.5233,197.0580,0.9895,0.5541,1
219.0000,195.0000,240.4948,197.3758,0.9965,0.3405,1
227.0000,195.0000,248.3016,197.3036,0.9916,0.2304,1
235.0000,195.0000,256.6133,197.3288,0.9891,0.4476,1
155.0000,203.0000,176.0589,205.8449,0.6158,0.4932,1
163.0000,203.0000,184.0305,206.1362,0.9399,0.7670,1
171.0000,203.0000,191.9696,206.0525,0.8320,0.6733,1
179.0000,203.0000,200.7914,205.5267,0.8540,0.7182,1
187.0000,203.0000,208.8266,205.7814,0.9397,0.8099,1
195.0000,203.0000,216.2670,205.4381,0.9903,0.1470,1
203.0000,203.0000,225.0224,205.7676,0.9839,0.9387,1
211.0000,203.0000,233.0696,206.0221,0.9680,1.0675,1
219.0000,203.0000,240.6670,205.1949,0.9964,0.5726,1
227.0000,203.0000,248.0577,205.4084,0.8739,0.1645,1
235.0000,203.0000,256.0671,204.9880,0.6588,0.5508,1
147.0000,211.0000,167.7191,214.2094,0.8593,0.9243,1
155.0000,211.0000,176.1777,213.8278,0.9547,0.5005,1
163.0000,211.0000,184.5335,213.4714,0.9468,0.4966,1
171.0000,211.0000,192.0002,213.3565,0.9605,0.0711,1
179.0000,211.0000,200.0224,213.4820,0.9853,0.1030,1
187.0000,211.0000,208.9358,213.1779,0.9397,0.8670,1
195.0000,211.0000,216.9602,213.6760,0.9335,0.8742,1
203.0000,211.0000,225.0018,213.3917,0.9077,0.8654,1
211.0000,211.0000,232.8058,213.1892,0.9681,0.7061,1
219.0000,211.0000,240.1937,213.2748,0.9621,0.2093,1
227.0000,211.0000,248.4138,213.6809,0.9371,0.2858,1
235.0000,211.0000,256.6095,213.8134,0.9691,0.4971,1
147.0000,219.0000,167.7554,222.1362,0.9446,0.8464,1
155.0000,219.0000,176.0093,221.9976,0.8570,0.6514,1
163.0000,219.0000,183.5896,221.9849,0.9283,0.7727,1
171.0000,219.0000,191.8415,221.6641,0.7805,0.3625,1
179.0000,219.0000,200.4517,222.2867,0.9220,0.9628,1
187.0000,219.0000,209.0434,221.7311,0.9951,0.9930,1
195.0000,219.0000,216.4210,221.5146,0.9830,0.3120,1
203.0000,219.0000,224.2356,222.0424,0.9273,0.6034,1
211.0000,219.0000,232.1719,222.1195,0.7993,0.6562,1
219.0000,219.0000,240.1547,221.8430,0.9941,0.3634,1
227.0000,219.0000,248.8323,221.2206,0.7901,0.6966,1
235.0000,219.0000,256.0728,221.7943,0.5390,0.3129,1
147.0000,227.0000,168.2317,230.0295,0.5693,0.7362,1
163.0000,227.0000,184.0345,229.6790,0.7833,0.3192,1
171.0000,227.0000,191.9228,230.1193,0.7749,0.7564,1
179.0000,227.0000,200.6438,229.3134,0.9831,0.5646,1
187.0000,227.0000,208.5585,229.5192,0.9989,0.4684,1
195.0000,227.0000,216.5794,229.5960,0.9964,0.4886,1
203.0000,227.0000,224.9130,229.7415,0.9183,0.8293,1
211.0000,227.0000,232.4986,230.3217,0.8822,0.9265,1
219.0000,227.0000,240.3796,229.7600,0.9921,0.3490,1
227.0000,227.0000,247.7964,229.5680,0.9276,0.4036,1
235.0000,227.0000,255.6918,229.9254,0.7793,0.6648,1
147.0000,235.0000,167.6799,237.8913,0.7606,0.6583,1
155.0000,235.0000,176.1931,237.6439,0.8297,0.3441,1
163.0000,235.0000,183.8176,237.6599,0.8976,0.3813,1
171.0000,235.0000,191.8932,237.5293,0.9252,0.2334,1
179.0000,235.0000,200.6840,237.2999,0.9779,0.6056,1
187.0000,235.0000,208.8063,237.9352,0.9985,0.8792,1
195.0000,235.0000,216.2665,237.8609,0.9985,0.4604,1
203.0000,235.0000,224.0438,237.3950,0.9212,0.1059,1
211.0000,235.0000,231.8915,237.3572,0.9574,0.2841,1
219.0000,235.0000,240.7660,237.8868,0.9614,0.7204,1
227.0000,235.0000,248.0673,237.3226,0.9304,0.2103,1
235.0000,235.0000,255.6320,237.9166,0.7486,0.7094,1
278.0000,155.0000,298.8540,158.1001,0.6100,0.6530,1
278.0000,163.0000,299.7348,165.8469,0.5804,0.4831,1
278.0000,171.0000,298.9195,173.9028,0.6063,0.4777,1
286.0000,171.0000,306.6192,174.3666,0.8943,1.0132,1
294.0000,171.0000,314.8652,173.9324,0.8701,0.5514,1
302.0000,171.0000,322.6834,173.8840,0.9438,0.7090,1
278.0000,179.0000,299.1784,181.9471,0.8351,0.3522,1
286.0000,179.0000,307.2368,181.4009,0.9279,0.2505,1
302.0000,179.0000,322.3637,181.5886,0.6522,0.9999,1
278.0000,187.0000,299.0369,189.1243,0.9180,0.5606,1
286.0000,187.0000,307.2355,188.8997,0.7894,0.7382,1
278.0000,195.0000,299.7015,197.0600,0.9539,0.6792,1
278.0000,203.0000,299.3453,205.3576,0.9359,0.2549,1
302.0000,203.0000,322.8996,206.1014,0.6809,0.6390,1
310.0000,203.0000,330.5765,206.0089,0.5392,0.8690,1
278.0000,211.0000,299.0114,213.1836,0.9754,0.5164,1
286.0000,211.0000,307.3906,213.2387,0.8099,0.3901,1
294.0000,211.0000,315.1090,213.2976,0.9445,0.4151,1
302.0000,211.0000,322.1902,213.4801,0.9577,1.1848,1
310.0000,211.0000,330.0146,213.5453,0.7130,1.3711,1
318.0000,211.0000,338.5024,213.6400,0.5797,0.8968,1
278.0000,219.0000,299.1891,221.6084,0.8424,0.1189,1
286.0000,219.0000,306.9589,221.6342,0.9336,0.3673,1
294.0000,219.0000,314.6270,222.0218,0.7494,0.8138,1
278.0000,227.0000,299.0046,229.8809,0.8055,0.4134,1
286.0000,227.0000,306.7313,229.7465,0.8218,0.6088,1
294.0000,227.0000,314.8686,229.7507,0.9525,0.4898,1
278.0000,235.0000,298.8012,237.4877,0.5125,0.5191,1
302.0000,235.0000,323.2385,237.3687,0.5881,0.3052,1
310.0000,235.0000,331.2138,238.0751,0.6225,0.4435,1
334.0000,235.0000,355.4982,236.9198,0.6144,0.7970,1
342.0000,235.0000,363.5221,237.0950,0.6381,0.6398,1
481.0000,155.0000,503.0611,158.0554,0.5473,0.2979,1
481.0000,163.0000,503.0611,166.1674,0.7140,0.3202,1
489.0000,163.0000,510.9791,166.2061,0.9590,0.2422,1
497.0000,163.0000,518.5476,165.8909,0.6824,0.3167,1
465.0000,171.0000,486.8638,174.0391,0.6491,0.1386,1
481.0000,171.0000,503.1757,173.8879,0.6661,0.4412,1
489.0000,171.0000,511.4521,173.3587,0.9636,0.9722,1
473.0000,179.0000,495.0345,181.3944,0.8477,0.6947,1
481.0000,179.0000,503.7116,182.0436,0.8995,0.9474,1
489.0000,179.0000,511.7970,182.2392,0.9733,1.0306,1
497.0000,179.0000,519.3328,181.7740,0.6663,0.6125,1
425.0000,187.0000,446.1830,189.0853,0.8874,0.9533,1
489.0000,187.0000,511.2658,189.9831,0.6803,0.4888,1
497.0000,187.0000,519.3537,190.1858,0.9749,0.5645,1
425.0000,195.0000,446.1616,197.4685,0.7055,0.6566,1
497.0000,195.0000,519.4388,198.0110,0.9008,0.6407,1
409.0000,203.0000,430.6997,206.3543,0.5126,0.4808,1
417.0000,203.0000,438.1512,205.9892,0.5325,0.4780,1
497.0000,203.0000,518.4352,205.7002,0.9848,0.5183,1
409.0000,211.0000,430.9785,214.0260,0.5563,0.4027,1
425.0000,211.0000,446.8255,214.3411,0.8340,0.4662,1
497.0000,211.0000,518.8621,214.2435,0.9404,0.1893,1
433.0000,219.0000,454.6744,222.3120,0.8122,0.3850,1
497.0000,219.0000,518.4165,222.3885,0.9864,0.5056,1
497.0000,227.0000,518.3000,229.8093,0.9090,0.5604,1
465.0000,235.0000,486.9863,238.2597,0.7211,0.3732,1
497.0000,235.0000,519.0786,237.8999,0.7888,0.3165,1
612.0000,147.0000,633.6076,149.3340,0.7160,1.0924,1
540.0000,235.0000,561.1319,237.9381,0.5247,0.7950,1
965.0000,147.0000,988.2168,151.4106,0.8010,0.4994,1
965.0000,155.0000,988.3491,159.6974,0.8721,0.8036,1
973.0000,195.0000,996.4813,199.4573,0.7312,0.7224,1
957.0000,219.0000,980.1434,224.1017,0.6217,1.1214,1
32.0000,278.0000,53.3875,280.0156,0.9653,0.6342,1
40.0000,278.0000,60.6081,280.7732,0.9002,0.7093,1
48.0000,278.0000,69.3320,280.9236,0.7768,0.9850,1
72.0000,278.0000,92.7322,280.4833,0.7419,0.3518,1
80.0000,278.0000,101.1453,280.5032,0.6193,0.4386,1
88.0000,278.0000,109.2680,280.3077,0.6878,0.4056,1
32.0000,286.0000,53.4575,288.7439,0.9784,0.9773,1
40.0000,286.0000,61.1441,288.8040,0.8877,0.8129,1
64.0000,286.0000,85.4627,288.2815,0.8049,0.6524,1
72.0000,286.0000,93.1832,288.2707,0.7604,0.3591,1
80.0000,286.0000,101.0127,288.9271,0.5300,0.7775,1
32.0000,294.0000,53.4787,296.3102,0.9226,0.7646,1
40.0000,294.0000,60.9064,296.1889,0.8872,0.1731,1
48.0000,294.0000,69.0690,297.0155,0.9296,0.9622,1
56.0000,294.0000,76.9519,296.5915,0.7807,0.5013,1
72.0000,294.0000,92.6208,296.6769,0.5167,0.5785,1
88.0000,294.0000,108.5876,296.2735,0.5595,0.3100,1
104.0000,294.0000,125.3893,296.8050,0.6990,0.7579,1
32.0000,302.0000,52.7019,304.7630,0.9853,0.7077,1
40.0000,302.0000,61.4094,304.7448,0.9474,0.9235,1
48.0000,302.0000,68.7813,304.4700,0.9450,0.3792,1
56.0000,302.0000,76.9024,304.8802,0.9846,0.7780,1
64.0000,302.0000,84.7440,304.2694,0.9625,0.1680,1
72.0000,302.0000,92.7586,303.9986,0.8663,0.1674,1
80.0000,302.0000,100.4966,304.4029,0.5846,0.4423,1
88.0000,302.0000,108.4618,304.7533,0.8615,0.7157,1
96.0000,302.0000,116.8185,304.4229,0.8748,0.2459,1
104.0000,302.0000,125.4194,304.5847,0.9697,0.6265,1
32.0000,310.0000,52.9045,311.7353,0.9871,0.3516,1
40.0000,310.0000,60.7767,312.5357,0.9562,0.4646,1
48.0000,310.0000,68.9642,312.1652,0.9646,0.1880,1
56.0000,310.0000,77.3820,311.7288,0.9920,0.6836,1
64.0000,310.0000,84.6924,312.3273,0.9951,0.2472,1
72.0000,310.0000,92.7510,311.9345,0.7559,0.2250,1
80.0000,310.0000,100.9200,312.5498,0.6002,0.3989,1
88.0000,310.0000,108.6030,312.7867,0.9603,0.6761,1
96.0000,310.0000,116.9010,312.8670,0.8126,0.6789,1
104.0000,310.0000,125.5422,312.8794,0.9580,0.9183,1
32.0000,318.0000,53.1449,320.0815,0.8993,0.3890,1
40.0000,318.0000,60.7950,319.9246,0.8646,0.1447,1
48.0000,318.0000,69.4115,320.0172,0.9539,0.6220,1
56.0000,318.0000,77.3926,320.5729,0.8176,0.7485,1
64.0000,318.0000,84.9008,320.2776,0.9379,0.1748,1
72.0000,318.0000,93.2115,320.1225,0.5319,0.3644,1
80.0000,318.0000,100.7742,320.5214,0.6900,0.3809,1
88.0000,318.0000,108.7871,320.3129,0.8042,0.1737,1
96.0000,318.0000,116.7356,320.7444,0.6939,0.5835,1
104.0000,318.0000,125.0792,320.7435,0.8879,0.5649,1
32.0000,326.0000,52.9706,328.3527,0.8365,0.3717,1
40.0000,326.0000,60.8364,328.3227,0.6432,0.2649,1
56.0000,326.0000,77.4393,327.8034,0.7443,0.6936,1
88.0000,326.0000,108.7961,328.0652,0.9230,0.1330,1
96.0000,326.0000,116.9688,328.4420,0.5572,0.2686,1
104.0000,326.0000,124.9393,328.6066,0.8969,0.4084,1
32.0000,334.0000,52.4647,336.5751,0.6059,0.6056,1
56.0000,334.0000,77.3084,336.6169,0.8976,0.7202,1
64.0000,334.0000,84.6834,336.7686,0.5310,0.6728,1
88.0000,334.0000,108.8455,336.1844,0.6980,0.0446,1
96.0000,334.0000,117.2664,335.9143,0.6915,0.4503,1
104.0000,334.0000,125.2229,336.0604,0.8913,0.3316,1
88.0000,342.0000,109.4929,344.4487,0.6429,0.6739,1
96.0000,342.0000,117.5356,343.9356,0.6820,0.6772,1
104.0000,342.0000,124.9683,344.0590,0.8046,0.1418,1
40.0000,350.0000,60.7168,352.3415,0.9203,0.2920,1
64.0000,350.0000,84.9765,352.7432,0.5162,0.6538,1
88.0000,350.0000,109.7622,352.7475,0.8886,1.0582,1
96.0000,350.0000,117.4827,352.1001,0.9610,0.5844,1
104.0000,350.0000,125.3471,352.5484,0.9304,0.5573,1
32.0000,358.0000,53.2131,360.8652,0.8985,0.9457,1
40.0000,358.0000,60.4064,360.3248,0.9411,0.4597,1
64.0000,358.0000,86.1124,360.2826,0.8067,1.2941,1
80.0000,358.0000,101.6476,360.7629,0.5696,1.0011,1
88.0000,358.0000,109.6300,360.1227,0.9212,0.7455,1
96.0000,358.0000,117.4166,360.6646,0.9784,0.7132,1
104.0000,358.0000,124.8398,359.9019,0.9931,0.2958,1
32.0000,366.0000,53.0668,368.6605,0.7718,0.6991,1
40.0000,366.0000,60.9387,368.8968,0.9655,0.8626,1
64.0000,366.0000,84.9770,368.4747,0.6999,0.4023,1
72.0000,366.0000,93.4594,368.3444,0.6490,0.6514,1
88.0000,366.0000,109.6775,367.8306,0.9758,0.8540,1
96.0000,366.0000,116.9218,367.6496,0.9742,0.5172,1
104.0000,366.0000,125.5818,368.1153,0.9722,0.6638,1
147.0000,278.0000,168.3938,280.2691,0.8925,0.3808,1
155.0000,278.0000,176.4991,281.1970,0.9870,0.9899,1
163.0000,278.0000,184.0323,281.0837,0.9881,0.7435,1
171.0000,278.0000,191.9205,280.5537,0.7936,0.2464,1
179.0000,278.0000,200.6159,280.3250,0.5526,0.5311,1
187.0000,278.0000,208.0362,280.1802,0.5301,0.2213,1
203.0000,278.0000,224.8785,280.5110,0.8404,0.7424,1
211.0000,278.0000,232.5831,280.5065,0.9765,0.4290,1
219.0000,278.0000,239.9117,280.5808,0.8323,0.2928,1
227.0000,278.0000,248.2935,280.8648,0.9233,0.4028,1
235.0000,278.0000,256.0362,280.5719,0.9608,0.1948,1
147.0000,286.0000,168.3674,288.2787,0.9649,0.3531,1
155.0000,286.0000,175.9620,289.0465,0.9765,0.7293,1
163.0000,286.0000,184.1444,288.2613,0.9778,0.1203,1
171.0000,286.0000,192.4617,288.4776,0.8343,0.4114,1
179.0000,286.0000,199.9737,288.8800,0.7284,0.5217,1
187.0000,286.0000,208.9335,288.8684,0.5532,0.9576,1
195.0000,286.0000,216.6476,288.1200,0.7289,0.5962,1
203.0000,286.0000,224.8280,288.5297,0.8942,0.6951,1
211.0000,286.0000,232.9072,288.7914,0.9768,0.8271,1
219.0000,286.0000,240.1537,288.8565,0.8785,0.4029,1
227.0000,286.0000,248.5685,289.1002,0.7670,0.7313,1
235.0000,286.0000,256.5716,288.6647,0.8592,0.3993,1
147.0000,294.0000,167.8622,297.0110,0.9790,0.7265,1
155.0000,294.0000,176.0392,296.1009,0.9950,0.2167,1
163.0000,294.0000,184.0432,295.8132,0.9920,0.5211,1
171.0000,294.0000,192.6281,295.8095,0.9809,0.7779,1
179.0000,294.0000,200.0953,296.6974,0.9509,0.3297,1
187.0000,294.0000,208.4555,296.5691,0.8929,0.3955,1
195.0000,294.0000,216.9609,296.3196,0.8739,0.8411,1
203.0000,294.0000,223.8495,297.1815,0.9576,0.8176,1
211.0000,294.0000,233.2666,297.0669,0.8768,1.2746,1
219.0000,294.0000,240.1067,297.1083,0.6551,0.6608,1
235.0000,294.0000,256.2172,296.1975,0.9327,0.2872,1
147.0000,302.0000,168.1821,304.1967,0.9656,0.1946,1
155.0000,302.0000,176.5934,303.9382,0.9627,0.6743,1
163.0000,302.0000,184.7693,303.8575,0.9941,0.8596,1
171.0000,302.0000,192.1186,304.7567,0.9702,0.4117,1
179.0000,302.0000,200.0019,304.5560,0.9904,0.2099,1
187.0000,302.0000,208.5333,304.4319,0.9883,0.4303,1
195.0000,302.0000,216.8822,304.5005,0.9682,0.7650,1
203.0000,302.0000,223.9925,305.0186,0.7707,0.6221,1
211.0000,302.0000,232.5442,304.8657,0.5554,0.5796,1
219.0000,302.0000,239.6991,304.6836,0.8665,0.5338,1
227.0000,302.0000,248.5102,304.2253,0.7990,0.3950,1
235.0000,302.0000,256.1413,304.2289,0.8908,0.2631,1
147.0000,310.0000,168.7268,312.5049,0.8763,0.7411,1
155.0000,310.0000,176.4036,312.2732,0.8457,0.3714,1
163.0000,310.0000,184.9753,311.8424,0.9420,1.0430,1
171.0000,310.0000,192.2215,312.2855,0.9212,0.1624,1
179.0000,310.0000,200.2251,312.2324,0.8360,0.1881,1
187.0000,310.0000,207.4601,312.4310,0.9823,0.6485,1
195.0000,310.0000,216.0702,312.4528,0.9869,0.0793,1
203.0000,310.0000,224.9741,312.8993,0.7053,0.9641,1
211.0000,310.0000,232.3999,312.7186,0.6592,0.3762,1
219.0000,310.0000,241.1907,312.7476,0.9177,1.0564,1
227.0000,310.0000,247.6071,312.6455,0.9430,0.6174,1
235.0000,310.0000,255.7122,312.2683,0.9855,0.5447,1
147.0000,318.0000,168.6689,320.6612,0.8949,0.7499,1
155.0000,318.0000,176.6049,320.1589,0.7826,0.5896,1
163.0000,318.0000,184.5688,319.9565,0.8484,0.6343,1
171.0000,318.0000,192.1259,320.0176,0.5794,0.3288,1
179.0000,318.0000,199.3924,320.9408,0.7019,0.9078,1
187.0000,318.0000,207.9426,320.7710,0.8073,0.4286,1
195.0000,318.0000,215.9721,320.6839,0.9458,0.3295,1
203.0000,318.0000,224.7479,320.9190,0.8129,0.7917,1
211.0000,318.0000,232.1458,320.4813,0.9348,0.0580,1
219.0000,318.0000,239.8448,320.4487,0.9005,0.3341,1
227.0000,318.0000,248.3668,320.7906,0.9144,0.3728,1
235.0000,318.0000,255.9455,320.3320,0.9771,0.3053,1
147.0000,326.0000,167.5798,328.1698,0.9859,0.4528,1
155.0000,326.0000,175.2701,328.2386,0.8596,0.7676,1
163.0000,326.0000,183.8051,328.7248,0.9837,0.4730,1
171.0000,326.0000,192.6729,328.5427,0.9737,0.6355,1
179.0000,326.0000,200.6755,329.0660,0.8391,0.9214,1
187.0000,326.0000,208.8452,328.5724,0.7041,0.7649,1
195.0000,326.0000,216.6816,328.8570,0.7950,0.7272,1
203.0000,326.0000,223.8765,329.4055,0.6654,1.0349,1
211.0000,326.0000,232.0679,328.2326,0.8793,0.2113,1
219.0000,326.0000,239.9393,328.5401,0.7691,0.2604,1
227.0000,326.0000,248.2450,328.9301,0.8653,0.4768,1
235.0000,326.0000,256.2782,328.4721,0.9562,0.0629,1
147.0000,334.0000,167.6434,336.1972,0.9914,0.3841,1
155.0000,334.0000,176.3151,335.7232,0.9979,0.6430,1
163.0000,334.0000,184.0108,336.4226,0.9927,0.1121,1
171.0000,334.0000,191.9726,335.9786,0.9348,0.3703,1
179.0000,334.0000,199.9289,336.6527,0.9906,0.3406,1
187.0000,334.0000,208.6966,336.4198,0.9949,0.5914,1
195.0000,334.0000,216.6021,336.7876,0.9574,0.6235,1
203.0000,334.0000,224.0198,336.7212,0.9565,0.3419,1
211.0000,334.0000,231.8001,336.3569,0.9190,0.3667,1
219.0000,334.0000,240.0236,336.1616,0.9212,0.3155,1
227.0000,334.0000,248.2818,336.1704,0.9294,0.2945,1
235.0000,334.0000,255.5513,336.0685,0.9732,0.7758,1
147.0000,342.0000,167.6626,343.6548,0.9570,0.7209,1
155.0000,342.0000,175.6097,344.5271,0.9922,0.4830,1
163.0000,342.0000,184.2667,343.7884,0.9974,0.5688,1
171.0000,342.0000,191.8588,344.3635,0.9872,0.2151,1
179.0000,342.0000,200.3080,343.8711,0.9955,0.5255,1
187.0000,342.0000,208.6620,344.8160,0.9958,0.7141,1
195.0000,342.0000,216.1812,344.6780,0.9892,0.3005,1
203.0000,342.0000,224.3206,344.9168,0.9861,0.5469,1
211.0000,342.0000,232.1233,344.4513,0.9798,0.0522,1
219.0000,342.0000,240.5797,344.4241,0.9876,0.3999,1
227.0000,342.0000,248.4447,344.0746,0.9161,0.4488,1
235.0000,342.0000,256.0790,344.4630,0.9292,0.1371,1
147.0000,350.0000,167.5434,352.4762,0.9904,0.5137,1
155.0000,350.0000,176.0466,352.5243,0.9388,0.2286,1
163.0000,350.0000,184.1740,352.3790,0.9870,0.1372,1
171.0000,350.0000,192.2443,352.2074,0.9694,0.2111,1
179.0000,350.0000,200.3886,352.1128,0.9878,0.3789,1
187.0000,350.0000,208.0984,352.6981,0.9981,0.3354,1
195.0000,350.0000,216.8249,352.7790,0.9950,0.8049,1
203.0000,350.0000,224.4934,352.4027,0.9899,0.3494,1
211.0000,350.0000,232.8307,352.8795,0.9931,0.8152,1
219.0000,350.0000,241.0501,352.5838,0.9599,0.8834,1
227.0000,350.0000,248.6392,352.8504,0.9606,0.5980,1
235.0000,350.0000,256.9888,352.2084,0.6779,0.8134,1
147.0000,358.0000,168.2535,360.4161,0.9966,0.2738,1
155.0000,358.0000,175.7897,360.0107,0.9932,0.3746,1
163.0000,358.0000,184.5964,360.5650,0.9981,0.5994,1
171.0000,358.0000,192.0057,360.0369,0.9931,0.2969,1
179.0000,358.0000,199.9651,360.6487,0.9925,0.3304,1
187.0000,358.0000,208.1673,359.9617,0.9941,0.4024,1
195.0000,358.0000,216.4844,359.8064,0.9839,0.6732,1
203.0000,358.0000,224.4334,360.0172,0.9855,0.4742,1
211.0000,358.0000,232.3514,360.7855,0.9760,0.4204,1
219.0000,358.0000,240.7960,360.6514,0.8805,0.6552,1
227.0000,358.0000,248.3426,360.9184,0.9781,0.4965,1
235.0000,358.0000,256.1310,360.3310,0.9157,0.1549,1
147.0000,366.0000,167.9195,368.0065,0.9932,0.2844,1
155.0000,366.0000,175.6958,368.2118,0.9567,0.3496,1
163.0000,366.0000,183.9605,368.3008,0.9445,0.0943,1
171.0000,366.0000,192.1380,368.2435,0.9486,0.1032,1
179.0000,366.0000,199.7832,368.6051,0.9316,0.4060,1
187.0000,366.0000,208.3990,368.1550,0.9931,0.3535,1
195.0000,366.0000,216.6012,367.9845,0.9777,0.6135,1
203.0000,366.0000,224.0041,368.2763,0.9095,0.1809,1
211.0000,366.0000,232.5515,368.2174,0.6535,0.4324,1
219.0000,366.0000,240.8837,368.5385,0.9564,0.7122,1
227.0000,366.0000,249.1394,368.8042,0.9868,1.0085,1
235.0000,366.0000,256.9925,368.4100,0.9799,0.7769,1
286.0000,278.0000,307.3236,280.6209,0.7443,0.0239,1
294.0000,278.0000,315.8410,280.8012,0.8204,0.5288,1
302.0000,278.0000,323.5384,280.0252,0.9306,0.6302,1
310.0000,278.0000,331.0350,280.4515,0.7092,0.3990,1
286.0000,286.0000,307.0954,288.4243,0.9440,0.2887,1
294.0000,286.0000,315.5404,288.6630,0.9036,0.2005,1
286.0000,294.0000,307.3386,296.4842,0.9438,0.1075,1
294.0000,294.0000,315.9036,296.9679,0.9879,0.6627,1
302.0000,294.0000,323.8803,296.1478,0.9558,0.7020,1
310.0000,294.0000,331.2890,296.7679,0.9268,0.1577,1
278.0000,302.0000,299.6312,304.4447,0.7874,0.3441,1
286.0000,302.0000,307.5254,304.6007,0.9822,0.1965,1
294.0000,302.0000,315.2230,304.6089,0.9815,0.1245,1
302.0000,302.0000,323.1194,304.4742,0.9556,0.2869,1
318.0000,302.0000,339.7832,304.2073,0.8062,0.5884,1
366.0000,302.0000,388.0663,304.2752,0.5275,0.7350,1
286.0000,310.0000,307.6521,312.4404,0.9328,0.3534,1
294.0000,310.0000,315.4501,312.9221,0.8276,0.3362,1
318.0000,310.0000,339.9367,312.8170,0.5902,0.5597,1
358.0000,310.0000,380.1541,313.0041,0.6163,0.7143,1
366.0000,310.0000,387.6043,312.1935,0.9369,0.5666,1
318.0000,318.0000,339.0596,321.0156,0.5136,0.5018,1
358.0000,318.0000,379.9807,321.2573,0.9473,0.7168,1
294.0000,326.0000,315.9725,328.8119,0.8548,0.6605,1
350.0000,326.0000,371.0240,329.8374,0.9501,1.2117,1
358.0000,326.0000,379.1542,328.9303,0.9374,0.3937,1
286.0000,334.0000,307.4546,336.7430,0.5722,0.2081,1
294.0000,334.0000,315.1648,336.2731,0.6078,0.3686,1
318.0000,334.0000,339.0641,336.5371,0.5262,0.3549,1
334.0000,334.0000,355.2085,337.2176,0.7076,0.5884,1
342.0000,334.0000,363.7184,337.9957,0.5373,1.3288,1
358.0000,334.0000,379.3879,337.0468,0.9696,0.3373,1
294.0000,342.0000,315.7711,344.6427,0.9891,0.4254,1
318.0000,342.0000,339.2510,345.0342,0.7573,0.4229,1
278.0000,350.0000,298.6801,351.9730,0.9211,0.8587,1
286.0000,350.0000,306.8947,352.5975,0.9811,0.4376,1
294.0000,350.0000,315.6691,352.2133,0.9891,0.4913,1
302.0000,350.0000,323.5577,352.2637,0.9002,0.3891,1
318.0000,350.0000,339.4416,352.7924,0.5039,0.1604,1
342.0000,350.0000,363.3568,352.8801,0.6419,0.2181,1
278.0000,358.0000,299.4037,360.1521,0.9811,0.4078,1
286.0000,358.0000,307.5668,360.5272,0.9624,0.2384,1
294.0000,358.0000,315.4632,360.4566,0.9921,0.1701,1
302.0000,358.0000,324.0490,360.6574,0.9160,0.6837,1
310.0000,358.0000,331.3766,360.3605,0.5522,0.2565,1
326.0000,358.0000,346.8131,360.4084,0.5998,0.6550,1
334.0000,358.0000,355.6301,360.1019,0.7660,0.5962,1
342.0000,358.0000,364.0621,360.9790,0.6083,0.6725,1
278.0000,366.0000,299.0398,368.4069,0.8910,0.3078,1
286.0000,366.0000,307.1222,368.2595,0.9834,0.3694,1
294.0000,366.0000,315.3631,368.2477,0.9929,0.3328,1
302.0000,366.0000,323.2594,368.3562,0.9728,0.2642,1
310.0000,366.0000,331.3459,367.8973,0.8280,0.7175,1
318.0000,366.0000,339.1856,368.5969,0.8028,0.2212,1
326.0000,366.0000,347.5339,367.6048,0.5845,1.0482,1
481.0000,278.0000,502.7869,281.3774,0.7299,0.3730,1
433.0000,286.0000,455.3238,288.7077,0.6612,0.6913,1
473.0000,286.0000,495.3994,289.6318,0.9672,0.9161,1
481.0000,286.0000,503.0529,289.1718,0.9824,0.3312,1
489.0000,286.0000,510.8225,288.8893,0.5873,0.1341,1
409.0000,294.0000,430.7274,297.0131,0.6262,0.2044,1
457.0000,294.0000,478.5757,297.2843,0.5678,0.3634,1
465.0000,294.0000,487.1973,297.2309,0.7300,0.5351,1
473.0000,294.0000,494.5160,297.1672,0.9811,0.2991,1
481.0000,294.0000,502.9021,297.4163,0.9842,0.4383,1
489.0000,294.0000,510.4482,297.0851,0.6630,0.3458,1
433.0000,302.0000,455.1139,304.3936,0.5859,0.6759,1
441.0000,302.0000,462.9262,304.2682,0.7872,0.6897,1
457.0000,302.0000,478.9607,305.3223,0.9377,0.4497,1
465.0000,302.0000,486.7647,305.3374,0.9627,0.3765,1
473.0000,302.0000,494.7773,304.8871,0.9955,0.0954,1
481.0000,302.0000,502.8300,306.1047,0.9696,1.1107,1
489.0000,302.0000,511.3946,305.4721,0.7059,0.7617,1
425.0000,310.0000,447.2544,312.7397,0.6040,0.6261,1
433.0000,310.0000,454.4584,313.0675,0.8629,0.2681,1
449.0000,310.0000,471.0873,312.3572,0.6843,0.6894,1
465.0000,310.0000,487.3270,313.8809,0.9032,1.0963,1
473.0000,310.0000,495.1754,313.2697,0.9813,0.5158,1
481.0000,310.0000,503.3407,312.9244,0.9489,0.5752,1
489.0000,310.0000,511.4620,313.4240,0.7372,0.7917,1
497.0000,310.0000,519.0379,312.9546,0.6806,0.2429,1
425.0000,318.0000,446.4396,320.7129,0.9131,0.2590,1
433.0000,318.0000,454.3851,320.9532,0.5208,0.2838,1
441.0000,318.0000,463.0406,320.2949,0.7479,0.7097,1
465.0000,318.0000,486.8411,321.5057,0.9302,0.5600,1
473.0000,318.0000,494.6584,321.1933,0.9806,0.2396,1
481.0000,318.0000,503.0680,320.3562,0.8958,0.6999,1
489.0000,318.0000,511.4099,320.2744,0.8930,0.9604,1
497.0000,318.0000,518.8539,320.7922,0.8859,0.2356,1
417.0000,326.0000,438.4085,328.6780,0.9638,0.2788,1
425.0000,326.0000,446.7240,328.3987,0.9219,0.4775,1
433.0000,326.0000,454.5187,329.0328,0.7749,0.2050,1
441.0000,326.0000,462.8228,328.4806,0.8218,0.4457,1
457.0000,326.0000,479.2540,328.7116,0.6782,0.5829,1
465.0000,326.0000,487.3839,329.3596,0.9368,0.7666,1
473.0000,326.0000,495.3353,329.3502,0.9960,0.6963,1
481.0000,326.0000,503.0455,328.1511,0.9549,0.8795,1
489.0000,326.0000,511.1782,328.4117,0.9445,0.7084,1
497.0000,326.0000,518.4676,328.9975,0.9028,0.3394,1
417.0000,334.0000,438.4317,336.6627,0.8832,0.2698,1
425.0000,334.0000,446.6585,337.1056,0.9464,0.2397,1
433.0000,334.0000,455.1423,337.2146,0.9360,0.5834,1
441.0000,334.0000,462.5151,336.5927,0.9678,0.3487,1
449.0000,334.0000,470.9975,336.8869,0.8757,0.3006,1
457.0000,334.0000,479.0078,336.1666,0.8705,0.8201,1
465.0000,334.0000,486.5595,337.0543,0.8522,0.2037,1
473.0000,334.0000,495.0760,337.6222,0.9942,0.7310,1
481.0000,334.0000,502.7513,336.9834,0.9431,0.0192,1
489.0000,334.0000,510.4603,336.4703,0.9273,0.6232,1
497.0000,334.0000,518.5538,336.8760,0.8154,0.2894,1
417.0000,342.0000,438.2520,344.3453,0.9251,0.6257,1
425.0000,342.0000,446.2186,344.9123,0.9824,0.4288,1
433.0000,342.0000,454.8009,344.5804,0.9951,0.3300,1
441.0000,342.0000,462.7189,344.8646,0.9837,0.0499,1
449.0000,342.0000,471.1172,344.2853,0.9670,0.7547,1
457.0000,342.0000,478.7499,344.4238,0.9775,0.5074,1
465.0000,342.0000,486.9292,344.7337,0.9457,0.2885,1
473.0000,342.0000,494.9974,345.0036,0.8701,0.2478,1
481.0000,342.0000,503.2879,345.1325,0.6036,0.5390,1
489.0000,342.0000,510.4692,344.8522,0.8121,0.3510,1
417.0000,350.0000,438.4170,352.1479,0.7694,0.7265,1
425.0000,350.0000,446.0764,352.5603,0.9797,0.6427,1
433.0000,350.0000,454.8912,352.1582,0.9881,0.7541,1
441.0000,350.0000,462.5563,352.0271,0.9839,0.8754,1
449.0000,350.0000,470.3673,352.9582,0.9653,0.3352,1
457.0000,350.0000,478.7525,352.3299,0.9626,0.5982,1
465.0000,350.0000,487.0041,352.5487,0.9105,0.4779,1
473.0000,350.0000,494.9821,353.0429,0.9889,0.2433,1
481.0000,350.0000,502.6873,352.2897,0.8783,0.6926,1
489.0000,350.0000,510.4974,353.1619,0.7895,0.3368,1
497.0000,350.0000,518.6903,353.1238,0.8199,0.1628,1
417.0000,358.0000,438.3136,360.2883,0.7795,0.6349,1
425.0000,358.0000,445.7755,360.3648,0.9231,0.9993,1
433.0000,358.0000,454.5561,360.2026,0.6471,0.6797,1
449.0000,358.0000,470.9372,360.2135,0.9829,0.7333,1
457.0000,358.0000,478.8655,360.8332,0.5005,0.1737,1
465.0000,358.0000,487.1611,360.7182,0.9434,0.4803,1
473.0000,358.0000,494.9306,361.2175,0.9834,0.3147,1
481.0000,358.0000,502.8745,360.4794,0.9899,0.5053,1
489.0000,358.0000,511.0038,360.8458,0.9832,0.2587,1
497.0000,358.0000,518.5954,361.0497,0.7939,0.2164,1
417.0000,366.0000,437.9110,367.8207,0.6979,1.2437,1
425.0000,366.0000,446.2686,368.3053,0.7341,0.6656,1
449.0000,366.0000,470.0675,368.3025,0.8811,0.8727,1
465.0000,366.0000,486.8036,368.8333,0.5422,0.1244,1
473.0000,366.0000,494.9663,368.3339,0.9016,0.6557,1
481.0000,366.0000,502.6023,368.4725,0.9735,0.5265,1
489.0000,366.0000,510.3488,369.1576,0.8594,0.4727,1
540.0000,310.0000,561.6421,312.7009,0.5260,0.4900,1
556.0000,318.0000,577.9512,321.1789,0.6548,0.0348,1
548.0000,326.0000,570.3876,328.7804,0.6202,0.5806,1
548.0000,342.0000,570.1311,344.7758,0.6749,0.4029,1
580.0000,342.0000,601.9935,344.6322,0.5128,0.5549,1
556.0000,350.0000,578.2769,353.3225,0.6418,0.3857,1
556.0000,358.0000,577.8464,361.1578,0.6951,0.0981,1
548.0000,366.0000,569.5120,368.8909,0.6486,0.4662,1
572.0000,366.0000,587.5382,336.2490,0.8867,33.5361,0
882.0000,302.0000,856.8531,335.3209,0.5268,56.1811,0
973.0000,278.0000,996.1611,282.8372,0.6639,0.8525,1
941.0000,286.0000,964.4178,290.7198,0.6348,0.9730,1
949.0000,286.0000,971.8246,290.4425,0.5203,0.4627,1
957.0000,286.0000,979.5162,290.6329,0.6043,0.7151,1
965.0000,286.0000,987.6343,290.8151,0.9282,0.8332,1
973.0000,286.0000,996.0861,290.2015,0.7628,0.2694,1
989.0000,286.0000,1011.8826,289.5156,0.5771,0.5487,1
941.0000,294.0000,963.5227,298.0643,0.9597,0.3024,1
949.0000,294.0000,971.5533,298.4747,0.9922,0.5671,1
957.0000,294.0000,979.8235,298.4687,0.9380,0.4757,1
965.0000,294.0000,987.9976,298.1245,0.9557,0.1784,1
973.0000,294.0000,996.2940,298.5032,0.6478,0.6320,1
989.0000,294.0000,1011.9738,297.8049,0.7002,0.2621,1
941.0000,302.0000,963.3770,305.5419,0.9609,0.5975,1
949.0000,302.0000,972.0299,305.8394,0.9982,0.2450,1
957.0000,302.0000,979.5769,306.0669,0.7407,0.2768,1
965.0000,302.0000,988.1445,305.8400,0.6898,0.3291,1
973.0000,302.0000,995.9171,306.4004,0.5192,0.3786,1
981.0000,302.0000,1003.6498,306.1832,0.6761,0.2855,1
989.0000,302.0000,1012.0615,306.3442,0.7197,0.3222,1
933.0000,310.0000,955.3734,313.7462,0.7914,0.4574,1
941.0000,310.0000,963.8120,314.3773,0.8404,0.4236,1
949.0000,310.0000,971.4059,314.0781,0.9013,0.4329,1
957.0000,310.0000,979.7288,313.9574,0.5995,0.1183,1
989.0000,310.0000,1012.1876,313.8988,0.7712,0.3133,1
933.0000,318.0000,955.4780,322.4699,0.8252,0.6199,1
949.0000,318.0000,971.5027,322.2642,0.9176,0.4385,1
957.0000,318.0000,979.4724,322.0433,0.6035,0.3759,1
933.0000,326.0000,955.9349,330.1848,0.6739,0.2925,1
949.0000,326.0000,971.8709,329.8231,0.8118,0.1482,1
957.0000,326.0000,979.3445,330.0523,0.9014,0.5045,1
949.0000,334.0000,971.2478,338.2476,0.5716,0.6454,1
941.0000,342.0000,963.7230,345.9940,0.6530,0.1004,1
949.0000,342.0000,971.3757,346.3783,0.6518,0.6162,1
941.0000,350.0000,964.0156,354.0244,0.7827,0.2239,1
949.0000,350.0000,971.6954,354.1640,0.8263,0.2469,1
957.0000,350.0000,979.9935,353.4499,0.7595,0.5426,1
933.0000,358.0000,955.4175,362.1470,0.8115,0.4379,1
941.0000,358.0000,963.9756,362.1944,0.8439,0.3080,1
949.0000,358.0000,971.7170,362.2412,0.6243,0.3094,1
957.0000,358.0000,980.1354,361.9214,0.9486,0.2940,1
965.0000,358.0000,987.2089,361.8461,0.8337,0.6691,1
973.0000,358.0000,995.1459,361.5763,0.6546,0.8499,1
941.0000,366.0000,963.8559,370.3916,0.8823,0.4618,1
949.0000,366.0000,972.3842,370.4176,0.7527,0.7277,1
32.0000,409.0000,52.5679,410.9784,0.9477,0.1966,1
40.0000,409.0000,60.8566,410.1153,0.7332,0.9209,1
48.0000,409.0000,68.4416,410.4683,0.9595,0.6813,1
56.0000,409.0000,76.5237,411.0280,0.8768,0.2938,1
88.0000,409.0000,109.1349,410.9062,0.6212,0.3361,1
96.0000,409.0000,116.2606,411.3526,0.8462,0.6758,1
104.0000,409.0000,124.7358,410.9863,0.7584,0.2602,1
32.0000,417.0000,52.5475,418.6791,0.5842,0.3965,1
40.0000,417.0000,60.9977,418.5387,0.8197,0.5375,1
48.0000,417.0000,68.8659,418.3280,0.8631,0.7218,1
56.0000,417.0000,76.9629,418.7139,0.8841,0.3792,1
64.0000,417.0000,84.2579,418.6692,0.9011,0.7070,1
72.0000,417.0000,92.8946,419.0723,0.6991,0.0496,1
32.0000,425.0000,52.4242,426.6017,0.7990,0.5296,1
48.0000,425.0000,69.2871,427.2530,0.7090,0.5325,1
56.0000,425.0000,76.9046,427.1380,0.9291,0.1182,1
64.0000,425.0000,84.7650,426.7012,0.7563,0.3819,1
72.0000,425.0000,92.0613,426.6500,0.8847,0.9064,1
48.0000,433.0000,68.5190,435.2226,0.7166,0.3332,1
56.0000,433.0000,76.0006,435.4762,0.7587,0.9167,1
64.0000,433.0000,83.9581,435.1706,0.9387,0.8812,1
72.0000,433.0000,92.2522,435.4796,0.8444,0.7150,1
80.0000,433.0000,100.3407,435.3801,0.7580,0.5956,1
88.0000,433.0000,108.6372,435.5510,0.6501,0.4953,1
56.0000,441.0000,76.8220,443.0808,0.6214,0.0274,1
64.0000,441.0000,84.7921,443.5336,0.8343,0.4648,1
72.0000,441.0000,92.1264,443.5658,0.7967,0.8694,1
80.0000,441.0000,99.8137,443.0272,0.7511,1.0595,1
88.0000,441.0000,108.0888,443.4287,0.7372,0.8569,1
64.0000,449.0000,84.6628,450.8714,0.5854,0.2608,1
72.0000,457.0000,92.9092,459.3797,0.7077,0.3037,1
96.0000,457.0000,116.4490,458.7715,0.6855,0.5827,1
32.0000,465.0000,52.3066,467.4520,0.8630,0.6463,1
72.0000,465.0000,92.3021,467.7131,0.6555,0.8409,1
40.0000,473.0000,60.9421,475.4074,0.7617,0.4303,1
40.0000,489.0000,60.8812,491.2099,0.7112,0.2303,1
40.0000,497.0000,60.6627,499.0975,0.5713,0.1551,1
48.0000,497.0000,68.3837,499.0581,0.8227,0.4191,1
155.0000,409.0000,176.4722,411.5204,0.5926,0.4994,1
163.0000,409.0000,184.1056,411.4697,0.9177,0.1864,1
171.0000,409.0000,192.2232,411.8910,0.9583,0.6031,1
179.0000,409.0000,200.6789,411.0173,0.9621,0.6615,1
187.0000,409.0000,208.4835,411.6464,0.6380,0.4827,1
195.0000,409.0000,216.0189,411.4151,0.6547,0.1242,1
203.0000,409.0000,224.5306,411.0372,0.7539,0.5104,1
211.0000,409.0000,232.6295,411.7984,0.9420,0.6187,1
219.0000,409.0000,240.4959,411.5778,0.9658,0.3568,1
227.0000,409.0000,248.5427,411.6154,0.9119,0.3921,1
235.0000,409.0000,256.3622,411.3886,0.9323,0.1525,1
155.0000,417.0000,176.3912,419.8210,0.7457,0.6540,1
163.0000,417.0000,184.6477,418.8130,0.9907,0.7575,1
171.0000,417.0000,192.5036,418.9527,0.9696,0.5541,1
179.0000,417.0000,200.7640,419.4113,0.9527,0.6774,1
187.0000,417.0000,208.5565,419.5439,0.9851,0.4914,1
195.0000,417.0000,216.3851,418.8239,0.7964,0.5886,1
203.0000,417.0000,224.5876,419.2649,0.8779,0.4532,1
211.0000,417.0000,232.1009,418.8753,0.9520,0.5158,1
219.0000,417.0000,240.2597,419.7423,0.9728,0.3470,1
227.0000,417.0000,248.1438,419.7947,0.8242,0.3785,1
235.0000,417.0000,255.8066,418.9465,0.9456,0.6411,1
171.0000,425.0000,191.8875,427.0859,0.9710,0.2849,1
179.0000,425.0000,199.7723,427.7909,0.8289,0.5721,1
187.0000,425.0000,208.0170,427.8489,0.9789,0.5235,1
195.0000,425.0000,215.7382,427.3464,0.9885,0.3910,1
203.0000,425.0000,224.4443,427.7508,0.9821,0.4851,1
211.0000,425.0000,231.7693,426.8324,0.9643,0.6790,1
219.0000,425.0000,240.4687,427.1077,0.8328,0.4091,1
227.0000,425.0000,248.5680,427.6095,0.9685,0.4138,1
235.0000,425.0000,255.7145,427.0873,0.9930,0.6126,1
147.0000,433.0000,168.1649,435.6231,0.6322,0.4024,1
155.0000,433.0000,176.0733,435.7138,0.5910,0.4511,1
171.0000,433.0000,192.2971,435.7245,0.8873,0.4812,1
179.0000,433.0000,200.5873,434.9962,0.9629,0.5874,1
187.0000,433.0000,207.9634,435.4483,0.9828,0.1890,1
195.0000,433.0000,216.2042,435.2853,0.9956,0.0972,1
203.0000,433.0000,224.3379,435.5254,0.9963,0.2494,1
211.0000,433.0000,232.4903,435.4464,0.9304,0.3312,1
219.0000,433.0000,240.3463,435.2599,0.5422,0.2132,1
227.0000,433.0000,248.1258,435.5896,0.9434,0.1909,1
235.0000,433.0000,256.0169,435.2076,0.9902,0.3018,1
155.0000,441.0000,176.1790,443.4813,0.9353,0.2608,1
163.0000,441.0000,183.7493,443.5666,0.9369,0.4226,1
171.0000,441.0000,192.1861,443.2636,0.9529,0.1146,1
179.0000,441.0000,200.5549,443.2886,0.9783,0.4617,1
187.0000,441.0000,207.7446,443.8793,0.9895,0.6626,1
195.0000,441.0000,216.4807,443.1462,0.9566,0.4030,1
203.0000,441.0000,224.1414,443.5972,0.9452,0.2361,1
211.0000,441.0000,232.2707,442.8558,0.7741,0.5324,1
227.0000,441.0000,248.3538,443.4766,0.7946,0.1652,1
235.0000,441.0000,256.7834,443.6077,0.9669,0.5913,1
147.0000,449.0000,168.1606,451.5433,0.6650,0.3325,1
155.0000,449.0000,175.9529,451.2238,0.8727,0.0934,1
163.0000,449.0000,183.9309,451.2721,0.9833,0.1271,1
171.0000,449.0000,191.8155,451.3245,0.9585,0.2626,1
179.0000,449.0000,200.5711,451.9849,0.9734,0.8281,1
187.0000,449.0000,208.4039,451.5018,0.9434,0.3414,1
195.0000,449.0000,215.5693,450.8635,0.9063,0.7368,1
203.0000,449.0000,223.9255,451.0267,0.8208,0.3993,1
211.0000,449.0000,232.1977,451.7337,0.5895,0.3603,1
219.0000,449.0000,239.6344,451.6542,0.5051,0.6094,1
227.0000,449.0000,248.0682,451.2775,0.7012,0.1873,1
235.0000,449.0000,256.3433,451.1733,0.9895,0.2801,1
147.0000,457.0000,168.3273,458.9857,0.5192,0.3959,1
155.0000,457.0000,176.4441,459.0141,0.7714,0.4701,1
163.0000,457.0000,184.4798,458.8882,0.9663,0.5697,1
171.0000,457.0000,191.7851,459.1479,0.9869,0.3232,1
179.0000,457.0000,200.4359,459.8530,0.9844,0.6458,1
187.0000,457.0000,207.6621,458.9659,0.7862,0.5738,1
195.0000,457.0000,215.6529,459.3704,0.9732,0.4786,1
203.0000,457.0000,223.8017,459.5283,0.9849,0.3877,1
211.0000,457.0000,231.7063,459.1115,0.9121,0.5287,1
219.0000,457.0000,240.1187,459.3740,0.9363,0.0675,1
227.0000,457.0000,247.7798,459.0209,0.9232,0.5714,1
235.0000,457.0000,256.0251,459.1454,0.9924,0.3387,1
147.0000,465.0000,167.8324,467.3022,0.9868,0.2018,1
155.0000,465.0000,176.6768,466.9569,0.6821,0.7012,1
163.0000,465.0000,184.4350,467.2905,0.7391,0.3770,1
171.0000,465.0000,192.3076,467.0766,0.9836,0.3111,1
179.0000,465.0000,200.4254,467.6331,0.9975,0.4681,1
187.0000,465.0000,207.6669,467.0814,0.9970,0.5050,1
195.0000,465.0000,215.6673,467.3907,0.9989,0.4668,1
203.0000,465.0000,223.8390,467.8111,0.9933,0.5539,1
211.0000,465.0000,232.1407,467.1050,0.9419,0.2649,1
219.0000,465.0000,239.7719,467.5756,0.9927,0.4548,1
227.0000,465.0000,248.5218,467.1926,0.9985,0.3814,1
235.0000,465.0000,255.9422,467.2638,0.9933,0.3190,1
147.0000,473.0000,167.6726,475.3670,0.7999,0.3754,1
155.0000,473.0000,175.8383,475.1514,0.9708,0.2247,1
163.0000,473.0000,184.6112,475.5770,0.9254,0.6342,1
171.0000,473.0000,192.2561,474.8828,0.9851,0.4375,1
179.0000,473.0000,200.1480,474.9287,0.9781,0.3738,1
187.0000,473.0000,207.7485,475.8369,0.9982,0.6363,1
195.0000,473.0000,216.1413,475.7083,0.9896,0.3763,1
203.0000,473.0000,224.4390,475.4575,0.9936,0.3095,1
211.0000,473.0000,231.9210,475.0418,0.9986,0.4068,1
219.0000,473.0000,240.3284,475.1967,0.9990,0.2343,1
227.0000,473.0000,248.1504,474.7724,0.9934,0.6288,1
235.0000,473.0000,256.3579,475.4608,0.9810,0.1438,1
147.0000,481.0000,168.4937,483.0276,0.8876,0.5117,1
155.0000,481.0000,176.0891,483.5018,0.9853,0.2608,1
163.0000,481.0000,184.0718,482.9327,0.9633,0.3297,1
171.0000,481.0000,192.5139,483.6479,0.9471,0.5716,1
179.0000,481.0000,199.8614,483.3007,0.8896,0.2340,1
187.0000,481.0000,208.2393,483.3065,0.9939,0.1260,1
195.0000,481.0000,215.9114,483.3944,0.9969,0.2296,1
203.0000,481.0000,224.3242,483.3769,0.9943,0.1774,1
211.0000,481.0000,232.1954,483.4750,0.9967,0.1160,1
219.0000,481.0000,240.5568,482.9625,0.9990,0.5580,1
227.0000,481.0000,248.4996,483.3289,0.9978,0.3034,1
235.0000,481.0000,256.6679,482.6314,0.9899,0.8996,1
147.0000,489.0000,168.0815,490.8726,0.9357,0.3578,1
155.0000,489.0000,176.2558,490.6847,0.9359,0.5974,1
163.0000,489.0000,184.4232,490.7522,0.8177,0.6238,1
171.0000,489.0000,191.8156,491.0479,0.5635,0.3473,1
179.0000,489.0000,200.5320,491.7556,0.9300,0.6363,1
187.0000,489.0000,208.0882,491.2935,0.9949,0.0300,1
195.0000,489.0000,216.5066,491.7396,0.9930,0.5582,1
203.0000,489.0000,224.4583,491.8741,0.9794,0.6145,1
211.0000,489.0000,231.9881,491.2771,0.9527,0.1977,1
219.0000,489.0000,240.2090,490.7945,0.9967,0.5821,1
227.0000,489.0000,248.0265,490.9026,0.9988,0.5214,1
235.0000,489.0000,255.9635,491.2521,0.9948,0.3027,1
163.0000,497.0000,184.5863,498.9520,0.7747,0.6078,1
179.0000,497.0000,200.3690,499.1176,0.9716,0.3226,1
187.0000,497.0000,208.3171,499.1517,0.9847,0.2551,1
195.0000,497.0000,215.6981,499.8338,0.9887,0.6704,1
203.0000,497.0000,223.9459,499.4663,0.9700,0.2404,1
211.0000,497.0000,232.7202,499.4638,0.9067,0.5623,1
219.0000,497.0000,240.4499,499.4998,0.9961,0.2925,1
227.0000,497.0000,248.4594,499.5150,0.9949,0.2842,1
235.0000,497.0000,256.4371,499.4045,0.9509,0.2147,1
278.0000,409.0000,299.6410,410.6201,0.9961,0.9665,1
286.0000,409.0000,306.8263,411.4247,0.9925,0.5220,1
294.0000,409.0000,315.0525,410.9051,0.9930,0.7234,1
302.0000,409.0000,323.3352,411.3867,0.9722,0.1968,1
310.0000,409.0000,331.5393,411.0468,0.9475,0.5708,1
318.0000,409.0000,339.0555,411.3301,0.9392,0.4509,1
326.0000,409.0000,346.9438,411.4386,0.9226,0.5172,1
334.0000,409.0000,354.6066,411.1317,0.9036,0.9817,1
342.0000,409.0000,363.5302,411.1112,0.6535,0.5572,1
350.0000,409.0000,371.4185,411.7420,0.7932,0.0855,1
358.0000,409.0000,379.7844,411.6158,0.9362,0.2996,1
366.0000,409.0000,387.9541,411.7841,0.7438,0.4454,1
278.0000,417.0000,299.4880,419.6165,0.9840,0.1938,1
286.0000,417.0000,307.0464,418.7647,0.9898,0.8306,1
294.0000,417.0000,315.3387,419.5333,0.9962,0.0304,1
302.0000,417.0000,323.5044,419.2174,0.9613,0.3841,1
310.0000,417.0000,331.1545,419.7854,0.9796,0.3021,1
318.0000,417.0000,338.9377,418.9322,0.9733,0.8246,1
326.0000,417.0000,347.4809,419.6193,0.8600,0.0571,1
334.0000,417.0000,354.4696,419.1813,0.6790,1.0773,1
342.0000,417.0000,363.5216,418.8300,0.9824,0.8332,1
350.0000,417.0000,371.8767,419.7066,0.9919,0.3993,1
358.0000,417.0000,379.2747,419.4828,0.9454,0.3065,1
366.0000,417.0000,387.0223,419.8537,0.8538,0.5125,1
278.0000,425.0000,299.3392,427.0602,0.9965,0.4644,1
286.0000,425.0000,306.6095,427.5989,0.9929,0.7272,1
294.0000,425.0000,315.2538,427.3062,0.9762,0.2700,1
302.0000,425.0000,323.2505,427.7163,0.9596,0.1861,1
310.0000,425.0000,331.2112,428.0617,0.9501,0.5031,1
318.0000,425.0000,339.2766,427.3725,0.9895,0.2687,1
326.0000,425.0000,347.1201,427.3642,0.8746,0.4006,1
334.0000,425.0000,355.5599,427.2779,0.9163,0.3817,1
342.0000,425.0000,363.1567,427.1481,0.9849,0.5935,1
350.0000,425.0000,371.0388,427.6153,0.9978,0.4440,1
358.0000,425.0000,379.5390,427.1222,0.8480,0.5706,1
366.0000,425.0000,387.6327,427.2615,0.6092,0.4617,1
278.0000,433.0000,299.0527,435.6217,0.9971,0.2826,1
286.0000,433.0000,306.8703,435.4267,0.9956,0.4775,1
294.0000,433.0000,314.8720,435.7587,0.9819,0.5224,1
302.0000,433.0000,323.2459,435.6935,0.9772,0.1749,1
310.0000,433.0000,331.2215,435.3429,0.9782,0.2967,1
318.0000,433.0000,339.8996,435.5464,0.9798,0.4960,1
326.0000,433.0000,346.8468,435.2822,0.9759,0.6702,1
334.0000,433.0000,355.7395,435.8177,0.9641,0.3467,1
342.0000,433.0000,363.1705,435.4888,0.9037,0.3346,1
350.0000,433.0000,371.3786,435.1698,0.9418,0.5116,1
278.0000,441.0000,299.7672,443.6703,0.9861,0.4753,1
286.0000,441.0000,306.9547,442.8459,0.9926,0.7868,1
294.0000,441.0000,315.5831,443.6521,0.9885,0.2511,1
302.0000,441.0000,323.3168,443.1332,0.9873,0.4382,1
310.0000,441.0000,331.6102,443.8166,0.9957,0.3203,1
318.0000,441.0000,339.4342,443.6040,0.9690,0.0270,1
326.0000,441.0000,347.3603,443.2313,0.9950,0.3923,1
334.0000,441.0000,355.3004,443.8757,0.9861,0.2800,1
342.0000,441.0000,363.1162,443.8613,0.9185,0.4039,1
350.0000,441.0000,371.5219,443.1104,0.8963,0.5596,1
278.0000,449.0000,298.8458,450.9430,0.9956,0.7412,1
286.0000,449.0000,307.3485,451.4748,0.9987,0.0582,1
294.0000,449.0000,315.0805,451.2520,0.9985,0.4028,1
302.0000,449.0000,323.3892,450.8878,0.9972,0.6773,1
310.0000,449.0000,331.5013,451.6787,0.9967,0.1480,1
318.0000,449.0000,339.8374,451.7962,0.9781,0.4731,1
326.0000,449.0000,347.4820,451.3695,0.9951,0.2520,1
334.0000,449.0000,355.0686,451.4336,0.9911,0.4243,1
342.0000,449.0000,363.6674,451.3142,0.9862,0.3925,1
350.0000,449.0000,371.3265,451.9499,0.9342,0.3233,1
358.0000,449.0000,379.5083,451.4527,0.8375,0.2295,1
366.0000,449.0000,386.8819,451.0212,0.8466,0.9279,1
278.0000,457.0000,299.5841,459.4914,0.9934,0.2672,1
286.0000,457.0000,307.7348,459.5722,0.9960,0.4015,1
294.0000,457.0000,315.6602,458.7150,0.9922,0.8848,1
302.0000,457.0000,323.8786,458.9370,0.9974,0.8045,1
310.0000,457.0000,331.6486,459.0331,0.9956,0.6037,1
318.0000,457.0000,339.4256,458.9835,0.9977,0.6121,1
326.0000,457.0000,347.0704,459.2038,0.9764,0.5414,1
334.0000,457.0000,355.5517,459.0348,0.9945,0.6036,1
342.0000,457.0000,362.5430,459.8088,0.9923,0.9335,1
350.0000,457.0000,370.5432,459.0633,0.9899,1.1120,1
358.0000,457.0000,378.7248,459.5806,0.7946,0.7796,1
278.0000,465.0000,299.4159,467.2594,0.9891,0.2678,1
286.0000,465.0000,307.2297,466.8648,0.9939,0.6690,1
294.0000,465.0000,315.5431,467.1255,0.9974,0.4574,1
302.0000,465.0000,323.1142,467.1223,0.9923,0.5071,1
310.0000,465.0000,331.1594,467.4617,0.9979,0.2574,1
318.0000,465.0000,339.6049,466.8870,0.9957,0.7321,1
326.0000,465.0000,347.7078,467.3005,0.9945,0.4176,1
334.0000,465.0000,355.4272,467.4274,0.9866,0.1990,1
342.0000,465.0000,363.3103,467.6847,0.9966,0.1579,1
350.0000,465.0000,370.7107,467.7283,0.9901,0.7729,1
358.0000,465.0000,379.2823,467.7922,0.9321,0.2456,1
366.0000,465.0000,387.4602,467.5387,0.7883,0.1638,1
278.0000,473.0000,298.9688,475.5801,0.9995,0.3575,1
286.0000,473.0000,307.2319,475.4737,0.9980,0.1152,1
294.0000,473.0000,315.6155,475.4423,0.9968,0.2784,1
302.0000,473.0000,323.6918,474.9884,0.9987,0.6510,1
310.0000,473.0000,331.6647,475.1887,0.9984,0.4716,1
318.0000,473.0000,339.6196,475.1070,0.9981,0.5263,1
326.0000,473.0000,347.1003,475.2413,0.9971,0.4892,1
334.0000,473.0000,355.0074,475.9131,0.9980,0.5250,1
342.0000,473.0000,363.7219,475.7256,0.9941,0.2732,1
350.0000,473.0000,371.0920,475.2124,0.9979,0.5898,1
358.0000,473.0000,379.3105,475.3172,0.9906,0.4023,1
366.0000,473.0000,387.1096,475.4893,0.9874,0.4538,1
278.0000,481.0000,299.8809,482.8711,0.9979,0.8454,1
286.0000,481.0000,307.3829,482.9115,0.9990,0.6094,1
294.0000,481.0000,315.7650,483.0259,0.9980,0.6545,1
302.0000,481.0000,323.2241,483.6604,0.9992,0.1837,1
310.0000,481.0000,331.7264,483.7318,0.9964,0.3728,1
318.0000,481.0000,339.1263,482.8984,0.9984,0.7435,1
326.0000,481.0000,347.4059,483.4941,0.9983,0.1107,1
334.0000,481.0000,355.7815,483.7908,0.9963,0.3776,1
342.0000,481.0000,363.5753,483.6471,0.9954,0.1128,1
350.0000,481.0000,371.5635,483.0630,0.9945,0.5957,1
358.0000,481.0000,379.0244,483.1607,0.9977,0.6961,1
366.0000,481.0000,387.5287,484.0393,0.9939,0.3531,1
278.0000,489.0000,299.8487,491.2199,0.9629,0.5989,1
286.0000,489.0000,306.8959,491.1715,0.9975,0.5598,1
294.0000,489.0000,315.1430,491.1999,0.9949,0.3948,1
302.0000,489.0000,323.1020,491.5989,0.9958,0.2756,1
310.0000,489.0000,331.5144,490.8732,0.9963,0.7039,1
318.0000,489.0000,338.9627,490.9301,0.9981,0.7909,1
326.0000,489.0000,347.4855,491.1940,0.9985,0.4098,1
334.0000,489.0000,355.6876,491.4975,0.9975,0.2698,1
342.0000,489.0000,362.9627,491.5002,0.9969,0.5181,1
350.0000,489.0000,371.4469,491.6890,0.9970,0.0522,1
358.0000,489.0000,379.4794,491.8230,0.9928,0.1577,1
366.0000,489.0000,387.6735,491.3969,0.9527,0.3261,1
278.0000,497.0000,298.9414,499.4946,0.9627,0.3779,1
286.0000,497.0000,307.4094,498.7260,0.9773,0.7903,1
294.0000,497.0000,315.1183,499.2533,0.9770,0.3642,1
302.0000,497.0000,323.2213,499.7645,0.9941,0.2659,1
310.0000,497.0000,330.7141,499.8126,0.9864,0.7219,1
318.0000,497.0000,338.8400,499.3280,0.9966,0.6228,1
326.0000,497.0000,347.2833,499.6464,0.9862,0.1527,1
334.0000,497.0000,356.1234,498.9654,0.9960,0.9376,1
342.0000,497.0000,363.8830,499.6261,0.9976,0.4193,1
350.0000,497.0000,371.7826,499.0070,0.9956,0.7069,1
358.0000,497.0000,379.6078,499.4014,0.9659,0.2834,1
366.0000,497.0000,387.4879,499.9903,0.9530,0.3115,1
417.0000,409.0000,438.6494,411.2811,0.7412,0.5400,1
449.0000,409.0000,469.8377,411.8251,0.5855,0.8660,1
457.0000,409.0000,478.2104,412.1410,0.9958,0.5615,1
465.0000,409.0000,486.6044,412.1422,0.9715,0.2582,1
473.0000,409.0000,494.0713,411.4297,0.9033,0.8522,1
481.0000,409.0000,502.3510,411.5281,0.9675,0.6003,1
489.0000,409.0000,509.7920,412.1637,0.9444,1.0181,1
497.0000,409.0000,518.3748,412.0986,0.8105,0.4488,1
409.0000,417.0000,429.9810,419.0947,0.6410,0.9467,1
417.0000,417.0000,438.8756,418.7939,0.9375,1.0529,1
465.0000,417.0000,485.9807,419.7174,0.8924,0.7833,1
481.0000,417.0000,502.4937,419.4195,0.8992,0.6011,1
489.0000,417.0000,509.9659,420.0198,0.8879,0.8277,1
497.0000,417.0000,517.9549,419.9622,0.9174,0.8555,1
417.0000,425.0000,438.4798,426.9865,0.5936,0.8415,1
433.0000,425.0000,453.7321,427.6198,0.5007,0.9613,1
489.0000,425.0000,510.5569,428.1832,0.6529,0.3210,1
497.0000,425.0000,517.7954,427.5370,0.8289,1.1081,1
441.0000,433.0000,462.4460,435.9658,0.7478,0.2602,1
449.0000,433.0000,469.8232,435.8584,0.6787,0.8794,1
497.0000,433.0000,517.8203,436.1187,0.7461,1.0003,1
409.0000,441.0000,429.3922,442.9114,0.8246,1.5047,0
441.0000,441.0000,463.1189,443.7181,0.5387,0.4563,1
449.0000,441.0000,470.8045,443.4403,0.9132,0.4466,1
457.0000,441.0000,478.8417,444.0565,0.6444,0.2042,1
497.0000,441.0000,518.4627,443.5402,0.5540,0.5576,1
441.0000,449.0000,462.5538,451.9200,0.8214,0.1463,1
449.0000,449.0000,470.4548,451.9120,0.9263,0.2515,1
457.0000,449.0000,477.8766,451.9609,0.8799,0.8476,1
409.0000,457.0000,431.1448,459.7415,0.7364,0.5335,1
417.0000,457.0000,438.4794,459.6972,0.8991,0.1846,1
425.0000,457.0000,446.5411,460.4370,0.6613,0.6275,1
433.0000,457.0000,454.5489,460.6802,0.8232,0.8529,1
441.0000,457.0000,462.4256,459.9663,0.5408,0.2837,1
449.0000,457.0000,470.4454,460.0937,0.5058,0.3421,1
457.0000,457.0000,478.6521,459.4487,0.5769,0.4425,1
497.0000,457.0000,518.1864,459.9524,0.6753,0.6255,1
409.0000,465.0000,430.1982,467.6796,0.7386,0.4278,1
417.0000,465.0000,438.6660,467.4992,0.9440,0.3018,1
425.0000,465.0000,446.0439,467.6087,0.6690,0.6401,1
433.0000,465.0000,454.7860,468.0636,0.6836,0.2596,1
481.0000,465.0000,502.3731,467.8228,0.8074,0.4176,1
425.0000,473.0000,446.6544,475.6095,0.5115,0.2032,1
433.0000,473.0000,454.9307,475.5761,0.5651,0.3649,1
481.0000,473.0000,502.6824,476.0789,0.6069,0.1762,1
425.0000,481.0000,446.5061,483.5677,0.8193,0.2816,1
433.0000,481.0000,454.9059,483.6918,0.8520,0.2730,1
425.0000,489.0000,446.1402,492.1183,0.6380,0.5981,1
433.0000,489.0000,454.4897,491.6704,0.8531,0.2353,1
441.0000,489.0000,462.5507,491.9456,0.6324,0.1722,1
481.0000,489.0000,502.6840,492.2692,0.5598,0.3579,1
417.0000,497.0000,438.3473,499.2848,0.7674,0.5775,1
425.0000,497.0000,446.4556,499.7855,0.6228,0.1962,1
489.0000,497.0000,510.7729,500.9124,0.6275,0.9754,1
620.0000,409.0000,641.3819,412.5384,0.7879,0.7640,1
628.0000,409.0000,649.7686,411.9203,0.8360,0.4794,1
596.0000,417.0000,618.2513,420.4949,0.6686,0.3735,1
604.0000,417.0000,626.2874,419.6530,0.5215,0.6034,1
612.0000,417.0000,634.3485,420.0578,0.5053,0.3253,1
620.0000,417.0000,641.8142,420.3899,0.8359,0.3108,1
628.0000,417.0000,650.3218,419.9221,0.9419,0.3999,1
572.0000,425.0000,593.5151,427.3549,0.6310,0.9108,1
620.0000,425.0000,642.2685,427.5115,0.6249,0.7493,1
628.0000,425.0000,650.4794,428.4410,0.6154,0.4171,1
588.0000,433.0000,609.6959,435.7658,0.7376,0.5146,1
628.0000,441.0000,649.9458,443.5293,0.7526,0.7377,1
596.0000,449.0000,617.5691,451.8687,0.6050,0.5596,1
604.0000,449.0000,626.0432,451.8194,0.6286,0.3767,1
612.0000,449.0000,633.4895,452.2345,0.9004,0.5817,1
628.0000,449.0000,649.8451,452.0406,0.5432,0.3329,1
604.0000,457.0000,626.0851,459.8760,0.5689,0.3185,1
612.0000,457.0000,634.0687,459.8021,0.8860,0.4076,1
556.0000,465.0000,578.3046,467.9254,0.6004,0.3952,1
588.0000,465.0000,609.9262,467.6670,0.7277,0.4979,1
596.0000,465.0000,617.8346,467.5054,0.7856,0.6973,1
604.0000,465.0000,625.9775,468.1371,0.9908,0.0924,1
612.0000,465.0000,633.5505,467.5637,0.8759,0.8274,1
588.0000,473.0000,610.7975,476.3087,0.7826,0.7952,1
596.0000,473.0000,617.6010,475.7483,0.9780,0.6057,1
604.0000,473.0000,625.6898,475.5684,0.9891,0.7175,1
612.0000,473.0000,633.7281,475.7477,0.9735,0.5709,1
588.0000,481.0000,610.3762,484.3272,0.9466,0.3996,1
596.0000,481.0000,617.9721,484.1156,0.9824,0.0820,1
604.0000,481.0000,626.1662,484.3720,0.8918,0.2192,1
612.0000,481.0000,633.8433,483.7329,0.9073,0.5205,1
620.0000,481.0000,642.5175,484.2610,0.8557,0.4296,1
580.0000,489.0000,602.6055,492.5285,0.5926,0.7244,1
588.0000,489.0000,610.0607,492.1052,0.9042,0.0596,1
596.0000,489.0000,618.1685,492.4449,0.8313,0.3105,1
612.0000,489.0000,634.7257,492.2414,0.8984,0.6547,1
620.0000,489.0000,642.3724,492.3328,0.8360,0.3060,1
628.0000,489.0000,650.1427,492.1756,0.8621,0.0649,1
588.0000,497.0000,610.1169,500.1035,0.9188,0.1063,1
596.0000,497.0000,618.5847,499.7368,0.7631,0.6929,1
612.0000,497.0000,634.0864,499.9602,0.7718,0.2344,1
620.0000,497.0000,642.6700,499.8424,0.6586,0.6864,1
628.0000,497.0000,650.1706,500.0830,0.5051,0.1572,1
671.0000,465.0000,693.6334,468.7064,0.7724,0.5708,1
671.0000,473.0000,693.8552,476.6172,0.9004,0.7123,1
679.0000,473.0000,701.9116,476.0479,0.6066,0.7494,1
711.0000,473.0000,733.5266,476.3447,0.5426,0.2407,1
751.0000,473.0000,774.1296,476.4132,0.5815,0.7486,1
695.0000,481.0000,717.9474,483.7918,0.8558,0.9012,1
751.0000,481.0000,773.8947,484.2845,0.6644,0.5493,1
687.0000,489.0000,709.5553,491.5102,0.8539,0.9002,1
695.0000,489.0000,717.0549,491.6080,0.5398,0.7898,1
727.0000,489.0000,749.3309,491.7076,0.8376,0.7300,1
743.0000,489.0000,765.6504,491.5890,0.9140,0.9261,1
751.0000,489.0000,773.9491,491.6097,0.6132,1.0431,1
671.0000,497.0000,693.3081,500.3528,0.5986,0.1081,1
687.0000,497.0000,709.3451,499.2747,0.6313,1.0811,1
727.0000,497.0000,749.2544,500.4615,0.8705,0.0824,1
735.0000,497.0000,757.6330,499.9900,0.6573,0.5411,1
743.0000,497.0000,765.8565,500.2087,0.9635,0.5528,1
810.0000,409.0000,832.0883,412.4052,0.6666,0.4886,1
858.0000,409.0000,879.8172,411.5507,0.5070,1.4390,1
858.0000,433.0000,879.8295,435.8902,0.5516,1.1589,1
882.0000,457.0000,904.8542,460.4175,0.5424,0.3966,1
890.0000,457.0000,912.0249,460.9066,0.7825,0.6832,1
933.0000,457.0000,956.0924,461.7162,0.7273,0.8871,1
965.0000,489.0000,987.4891,492.9683,0.7401,0.3811,1
104.0000,548.0000,125.0900,550.4041,0.9345,0.3327,1
32.0000,556.0000,52.1910,557.6476,0.6312,0.6549,1
40.0000,556.0000,60.4723,557.9272,0.7557,0.3164,1
104.0000,556.0000,125.3525,558.1825,0.7842,0.4294,1
32.0000,564.0000,53.0795,565.4995,0.7211,0.5534,1
104.0000,564.0000,124.9212,566.1525,0.5726,0.0464,1
40.0000,572.0000,61.5039,574.5891,0.6650,0.9482,1
48.0000,572.0000,68.9430,573.8888,0.8140,0.1703,1
32.0000,580.0000,52.6076,581.9481,0.7081,0.1603,1
48.0000,580.0000,68.9851,582.1725,0.7927,0.2617,1
64.0000,580.0000,84.4425,581.9398,0.5642,0.4050,1
104.0000,580.0000,124.5680,581.8214,0.8230,0.4575,1
32.0000,588.0000,53.1345,590.1044,0.8934,0.3986,1
40.0000,588.0000,61.9921,590.0238,0.7263,1.2073,1
104.0000,588.0000,124.7879,589.4907,0.8579,0.6235,1
32.0000,596.0000,53.4031,597.7695,0.9193,0.6581,1
40.0000,596.0000,61.8760,597.6976,0.5595,1.1207,1
48.0000,596.0000,69.8122,598.0662,0.5375,1.0115,1
56.0000,596.0000,77.1379,598.0765,0.5232,0.3257,1
88.0000,596.0000,108.8533,597.6605,0.5592,0.4027,1
96.0000,596.0000,116.5140,597.5978,0.7737,0.6241,1
104.0000,596.0000,124.8898,597.5028,0.5523,0.5931,1
48.0000,604.0000,68.5192,606.1439,0.6688,0.3322,1
56.0000,604.0000,76.4602,605.4620,0.8097,0.6416,1
48.0000,612.0000,68.5043,613.9706,0.6400,0.3010,1
88.0000,612.0000,108.3762,613.5082,0.5166,0.7540,1
40.0000,620.0000,60.5006,621.9667,0.5978,0.2874,1
64.0000,620.0000,85.1585,621.6272,0.5852,0.4905,1
72.0000,620.0000,92.5754,622.3812,0.6715,0.4610,1
80.0000,620.0000,100.7213,622.2206,0.9363,0.2427,1
88.0000,620.0000,109.0081,621.9305,0.5370,0.1653,1
40.0000,628.0000,60.6409,629.9557,0.6321,0.1472,1
64.0000,628.0000,84.5790,629.7840,0.6762,0.3395,1
72.0000,628.0000,92.7089,630.3754,0.9070,0.3905,1
80.0000,628.0000,100.9293,630.2754,0.8702,0.2487,1
88.0000,628.0000,108.7307,629.6452,0.5584,0.4362,1
147.0000,540.0000,168.0872,542.1775,0.9493,0.0679,1
155.0000,540.0000,176.3771,542.3145,0.9912,0.3458,1
163.0000,540.0000,184.2552,542.4289,0.8919,0.2708,1
179.0000,540.0000,200.0123,542.0760,0.9160,0.2146,1
187.0000,540.0000,208.3579,542.0106,0.8449,0.3693,1
195.0000,540.0000,216.4541,541.9971,0.6323,0.4451,1
203.0000,540.0000,224.4570,542.5210,0.5518,0.3637,1
219.0000,540.0000,239.9851,542.0897,0.9688,0.3351,1
227.0000,540.0000,248.7158,542.4135,0.9456,0.5113,1
235.0000,540.0000,256.3768,542.3385,0.5082,0.1611,1
147.0000,548.0000,168.1409,550.5458,0.9231,0.3617,1
155.0000,548.0000,176.4214,550.3701,0.9532,0.4062,1
163.0000,548.0000,184.3498,549.6962,0.8579,0.6120,1
171.0000,548.0000,192.1920,549.7381,0.7648,0.5270,1
179.0000,548.0000,200.5867,550.3705,0.9456,0.4988,1
187.0000,548.0000,208.7241,550.2623,0.9420,0.6084,1
195.0000,548.0000,216.3267,550.0594,0.9705,0.3106,1
203.0000,548.0000,223.8154,550.0579,0.8389,0.4268,1
211.0000,548.0000,232.0282,549.9732,0.8773,0.3902,1
219.0000,548.0000,239.9487,549.8727,0.9554,0.5371,1
227.0000,548.0000,248.8481,549.9985,0.9835,0.7415,1
235.0000,548.0000,256.2429,549.6834,0.8176,0.7036,1
147.0000,556.0000,167.8309,559.0437,0.7348,0.8662,1
155.0000,556.0000,176.3787,558.9674,0.7901,0.8219,1
171.0000,556.0000,192.3440,558.2251,0.9258,0.2647,1
179.0000,556.0000,199.9375,557.9830,0.9157,0.3261,1
187.0000,556.0000,208.0587,558.1332,0.9840,0.1609,1
195.0000,556.0000,215.7301,557.9606,0.9945,0.5281,1
203.0000,556.0000,224.0320,557.5345,0.9919,0.7916,1
211.0000,556.0000,232.5494,557.9284,0.8688,0.5546,1
219.0000,556.0000,240.3792,558.3225,0.8995,0.1925,1
227.0000,556.0000,247.9258,557.7908,0.9233,0.6410,1
235.0000,556.0000,256.2340,558.2208,0.8181,0.1631,1
147.0000,564.0000,168.5496,565.8896,0.9350,0.6065,1
155.0000,564.0000,176.1754,566.4808,0.9114,0.2976,1
171.0000,564.0000,192.5341,566.3057,0.9906,0.4571,1
179.0000,564.0000,200.7080,566.0242,0.9674,0.6545,1
187.0000,564.0000,208.0792,566.4545,0.9356,0.1782,1
195.0000,564.0000,215.8793,566.3785,0.9953,0.2683,1
203.0000,564.0000,224.5226,565.7481,0.9968,0.6758,1
211.0000,564.0000,232.0324,565.5376,0.7837,0.8049,1
219.0000,564.0000,239.8327,565.6380,0.9577,0.7937,1
227.0000,564.0000,248.1618,565.7709,0.9466,0.5948,1
235.0000,564.0000,255.9030,566.3762,0.9466,0.3222,1
171.0000,572.0000,192.3961,574.4894,0.9724,0.3994,1
179.0000,572.0000,200.5894,573.8890,0.9756,0.6151,1
187.0000,572.0000,207.9349,574.4070,0.9158,0.2238,1
195.0000,572.0000,215.7992,574.2046,0.8549,0.3477,1
203.0000,572.0000,224.1295,574.0894,0.9626,0.2225,1
211.0000,572.0000,232.4380,574.3977,0.9824,0.2758,1
219.0000,572.0000,240.1194,573.9063,0.9972,0.4433,1
227.0000,572.0000,247.7456,574.1375,0.9915,0.5130,1
235.0000,572.0000,256.6150,574.0545,0.9760,0.5061,1
147.0000,580.0000,168.7220,582.1612,0.7544,0.6953,1
155.0000,580.0000,176.3608,582.7148,0.5690,0.5976,1
179.0000,580.0000,200.1873,582.3934,0.8570,0.1619,1
187.0000,580.0000,207.5666,582.3211,0.9236,0.5529,1
195.0000,580.0000,216.1052,582.0958,0.8786,0.1975,1
203.0000,580.0000,224.4333,582.0221,0.9589,0.3997,1
211.0000,580.0000,231.6688,582.4840,0.9834,0.5276,1
219.0000,580.0000,239.9991,581.8598,0.9905,0.5176,1
227.0000,580.0000,248.5005,582.2331,0.9799,0.3182,1
235.0000,580.0000,256.0643,582.0589,0.9903,0.3544,1
147.0000,588.0000,168.0392,590.0639,0.9171,0.1241,1
155.0000,588.0000,175.6759,590.4970,0.9582,0.4717,1
163.0000,588.0000,183.9880,590.2187,0.5707,0.0758,1
171.0000,588.0000,192.2479,590.2712,0.9241,0.1695,1
179.0000,588.0000,199.5607,589.7792,0.9364,0.7186,1
187.0000,588.0000,207.7668,589.8874,0.6800,0.5200,1
195.0000,588.0000,215.7381,590.0345,0.7200,0.4716,1
203.0000,588.0000,223.8257,589.6211,0.9828,0.7581,1
211.0000,588.0000,231.9131,590.5241,0.9951,0.3289,1
219.0000,588.0000,240.0723,590.2845,0.9846,0.1293,1
227.0000,588.0000,248.1217,589.8978,0.9932,0.4650,1
235.0000,588.0000,256.4855,590.0968,0.9932,0.3777,1
147.0000,596.0000,167.9140,597.7868,0.7196,0.4136,1
155.0000,596.0000,176.0902,598.3485,0.8267,0.1538,1
163.0000,596.0000,184.0929,597.8251,0.7265,0.3937,1
171.0000,596.0000,191.4567,597.7175,0.9783,0.8115,1
179.0000,596.0000,199.4118,597.7425,0.9670,0.8559,1
187.0000,596.0000,207.6936,598.2250,0.9094,0.4267,1
195.0000,596.0000,216.1265,597.8556,0.8898,0.4292,1
203.0000,596.0000,223.7622,598.0336,0.7535,0.4748,1
211.0000,596.0000,231.6314,598.1507,0.9513,0.5662,1
219.0000,596.0000,240.2578,598.0789,0.9408,0.2647,1
227.0000,596.0000,248.5386,598.0037,0.9908,0.4796,1
235.0000,596.0000,255.8581,597.6993,0.9444,0.7637,1
147.0000,604.0000,167.8754,605.9993,0.9452,0.2377,1
155.0000,604.0000,176.1397,606.4289,0.9417,0.2490,1
171.0000,604.0000,192.4970,605.9773,0.9622,0.4863,1
179.0000,604.0000,200.2024,606.1882,0.9281,0.1183,1
187.0000,604.0000,207.9809,606.0336,0.9836,0.2691,1
195.0000,604.0000,215.6046,605.9544,0.9778,0.6245,1
203.0000,604.0000,224.4771,605.7385,0.7303,0.6460,1
211.0000,604.0000,232.1996,606.4054,0.9859,0.0944,1
219.0000,604.0000,240.1271,605.9227,0.9075,0.4140,1
227.0000,604.0000,248.1047,605.8040,0.8585,0.5543,1
235.0000,604.0000,256.4369,605.6674,0.9540,0.7287,1
147.0000,612.0000,168.2403,613.6105,0.9879,0.6059,1
155.0000,612.0000,176.1900,614.3510,0.9854,0.2120,1
163.0000,612.0000,183.9489,614.3068,0.7261,0.1499,1
171.0000,612.0000,192.4460,613.5698,0.9932,0.7521,1
179.0000,612.0000,199.7775,613.6007,0.9410,0.7209,1
187.0000,612.0000,207.8356,614.3697,0.9684,0.3031,1
195.0000,612.0000,215.9874,613.9987,0.7158,0.3172,1
203.0000,612.0000,223.6643,614.2926,0.9118,0.4906,1
211.0000,612.0000,232.0891,614.1490,0.8928,0.1833,1
219.0000,612.0000,239.9200,614.1934,0.9580,0.3029,1
227.0000,612.0000,248.7324,613.8641,0.8945,0.7110,1
235.0000,612.0000,256.0221,613.7333,0.9774,0.6614,1
147.0000,620.0000,167.9335,621.8307,0.9337,0.3575,1
155.0000,620.0000,175.7983,621.3271,0.9669,0.8998,1
163.0000,620.0000,183.9729,621.5265,0.8159,0.6882,1
171.0000,620.0000,192.5543,621.8348,0.8744,0.6120,1
179.0000,620.0000,200.3521,621.7375,0.8240,0.5635,1
203.0000,620.0000,223.8191,621.7270,0.8282,0.6576,1
211.0000,620.0000,232.6864,622.3187,0.9673,0.5132,1
219.0000,620.0000,239.9660,622.1117,0.9830,0.3107,1
227.0000,620.0000,248.1184,622.5752,0.9931,0.2500,1
235.0000,620.0000,256.0584,621.8465,0.9562,0.5396,1
147.0000,628.0000,168.6201,629.6903,0.6861,0.7623,1
155.0000,628.0000,176.5220,629.9285,0.8346,0.5414,1
163.0000,628.0000,183.6139,630.0011,0.9037,0.4956,1
187.0000,628.0000,208.2991,629.4361,0.7003,0.8389,1
203.0000,628.0000,223.8151,629.5759,0.7496,0.7903,1
211.0000,628.0000,232.0670,629.8023,0.9656,0.5146,1
219.0000,628.0000,240.1493,630.0819,0.9844,0.2443,1
227.0000,628.0000,248.0463,630.5418,0.9537,0.2603,1
235.0000,628.0000,255.8132,630.2746,0.9755,0.4225,1
302.0000,540.0000,323.1409,542.3565,0.6725,0.2915,1
278.0000,556.0000,299.0747,558.6326,0.6803,0.2938,1
278.0000,564.0000,299.0514,566.5375,0.7768,0.2789,1
302.0000,564.0000,323.2637,566.5755,0.5193,0.1253,1
302.0000,572.0000,322.8015,574.1410,0.9355,0.6874,1
342.0000,580.0000,362.7051,582.3871,0.8693,0.7907,1
334.0000,588.0000,355.1431,590.0976,0.9257,0.5699,1
342.0000,588.0000,363.2091,589.9148,0.7675,0.7276,1
342.0000,596.0000,363.4690,598.5139,0.9513,0.0779,1
278.0000,612.0000,299.7836,614.5707,0.9695,0.4746,1
286.0000,612.0000,307.7708,614.5873,0.7623,0.4448,1
278.0000,620.0000,299.8115,622.3513,0.9727,0.4967,1
318.0000,620.0000,339.1860,622.6023,0.7247,0.2391,1
278.0000,628.0000,299.3649,629.9698,0.8239,0.4777,1
326.0000,628.0000,347.0452,630.6994,0.5446,0.4171,1
449.0000,540.0000,470.9072,543.1046,0.5561,0.3343,1
465.0000,540.0000,486.7493,542.8122,0.9075,0.0586,1
473.0000,540.0000,494.4449,543.4857,0.6327,0.6768,1
481.0000,540.0000,502.8243,543.3446,0.7362,0.4430,1
489.0000,540.0000,511.1956,542.8929,0.9431,0.3994,1
497.0000,540.0000,519.1818,542.9986,0.9462,0.3718,1
409.0000,548.0000,430.2276,550.9371,0.6422,0.4318,1
449.0000,548.0000,471.0287,551.1854,0.8508,0.4764,1
457.0000,548.0000,478.2923,550.2147,0.7519,0.7693,1
465.0000,548.0000,486.2938,550.2749,0.9785,0.7437,1
473.0000,548.0000,494.8853,550.3521,0.9480,0.5462,1
481.0000,548.0000,502.2530,550.7738,0.9348,0.5415,1
497.0000,548.0000,518.7114,551.2149,0.9503,0.2993,1
409.0000,556.0000,430.4883,557.9707,0.7586,0.7872,1
417.0000,556.0000,437.9270,558.4364,0.7826,0.7804,1
441.0000,556.0000,462.9685,559.1943,0.6545,0.4716,1
449.0000,556.0000,470.3525,558.7746,0.9511,0.3595,1
457.0000,556.0000,478.3581,558.3507,0.7263,0.6180,1
465.0000,556.0000,486.2753,558.3381,0.9310,0.7044,1
473.0000,556.0000,494.8761,558.5396,0.7936,0.3601,1
489.0000,556.0000,510.9123,559.2331,0.6612,0.3386,1
497.0000,556.0000,519.2454,558.7513,0.9672,0.4657,1
417.0000,564.0000,438.8800,565.9675,0.5047,0.8301,1
449.0000,564.0000,469.9549,567.2857,0.6200,0.8813,1
457.0000,564.0000,478.1372,566.7443,0.5824,0.5971,1
465.0000,564.0000,486.9226,566.4152,0.7602,0.4804,1
497.0000,564.0000,518.5639,566.2988,0.8881,0.6780,1
441.0000,572.0000,462.0940,575.1659,0.9019,0.6953,1
473.0000,572.0000,494.7834,574.9393,0.8087,0.0678,1
481.0000,572.0000,503.0248,574.5598,0.5713,0.4121,1
489.0000,572.0000,511.2155,574.4288,0.6216,0.6356,1
497.0000,572.0000,518.6177,575.0461,0.9685,0.2327,1
433.0000,580.0000,454.0180,582.4342,0.7794,0.7440,1
473.0000,580.0000,494.4781,582.4772,0.8254,0.4865,1
481.0000,580.0000,502.1996,583.0784,0.9595,0.6113,1
489.0000,580.0000,510.3643,582.2518,0.9915,0.7846,1
497.0000,580.0000,518.4412,582.7850,0.9859,0.3998,1
409.0000,588.0000,430.9559,590.7893,0.9338,0.3417,1
433.0000,588.0000,454.0357,590.8884,0.6534,0.6454,1
481.0000,588.0000,503.1235,590.4431,0.8037,0.5593,1
489.0000,588.0000,510.5167,590.1419,0.9882,0.8110,1
497.0000,588.0000,518.5501,590.5215,0.9373,0.4788,1
409.0000,596.0000,430.0556,599.5839,0.9660,1.0214,1
425.0000,596.0000,446.4848,599.0434,0.8247,0.3261,1
433.0000,596.0000,454.0947,599.4153,0.8520,0.8577,1
441.0000,596.0000,463.2989,598.9142,0.8519,0.6186,1
481.0000,596.0000,502.8520,598.0461,0.9607,0.8392,1
489.0000,596.0000,510.5406,598.2044,0.9775,0.7413,1
497.0000,596.0000,518.7123,598.7398,0.9214,0.2050,1
409.0000,604.0000,429.7446,606.5038,0.8327,0.9031,1
417.0000,604.0000,437.7441,607.4676,0.6815,1.1486,1
425.0000,604.0000,446.5497,606.7179,0.6824,0.1146,1
433.0000,604.0000,454.6950,607.3400,0.8701,0.5615,1
441.0000,604.0000,463.3970,607.2057,0.9401,0.8160,1
481.0000,604.0000,502.7130,605.9766,0.8287,0.9052,1
489.0000,604.0000,510.6705,606.5429,0.9523,0.3759,1
497.0000,604.0000,518.7726,606.4540,0.5426,0.4609,1
409.0000,612.0000,430.7612,614.7330,0.5552,0.1418,1
417.0000,612.0000,438.2657,614.6795,0.5533,0.3773,1
441.0000,612.0000,462.9283,615.3298,0.9426,0.5870,1
489.0000,612.0000,510.3862,614.8187,0.8396,0.4204,1
497.0000,612.0000,518.4682,614.7182,0.6276,0.3988,1
409.0000,620.0000,430.0660,622.7935,0.6139,0.5584,1
425.0000,620.0000,447.2045,623.1408,0.8247,0.6699,1
433.0000,620.0000,454.6877,623.0440,0.6037,0.2716,1
441.0000,620.0000,463.0348,622.5694,0.8235,0.4072,1
481.0000,620.0000,502.3423,622.1672,0.8690,0.8318,1
489.0000,620.0000,510.7571,622.4065,0.7389,0.4852,1
497.0000,620.0000,518.6724,622.9871,0.6860,0.1668,1
409.0000,628.0000,430.7508,630.8937,0.8076,0.2177,1
425.0000,628.0000,446.5078,630.6501,0.6197,0.1807,1
433.0000,628.0000,454.5440,630.7488,0.6565,0.1321,1
441.0000,628.0000,463.1129,631.2777,0.9795,0.6466,1
481.0000,628.0000,502.4338,630.2161,0.9445,0.7411,1
612.0000,548.0000,634.9041,551.5349,0.7283,0.9042,1
612.0000,572.0000,635.3033,575.2312,0.5065,1.2292,1
620.0000,580.0000,643.0141,582.7660,0.9546,1.0083,1
628.0000,580.0000,650.4620,582.1309,0.9329,1.1207,1
540.0000,588.0000,561.9999,590.3698,0.6215,0.6447,1
572.0000,588.0000,578.9127,612.9555,0.5733,26.5697,0
620.0000,588.0000,642.6461,589.8984,0.7079,1.3914,1
564.0000,612.0000,586.0639,614.4607,0.5263,0.5964,1
556.0000,620.0000,578.0094,623.2295,0.8287,0.2080,1
564.0000,620.0000,586.4152,623.2819,0.7989,0.5040,1
564.0000,628.0000,585.8601,631.1079,0.7629,0.1274,1
703.0000,540.0000,725.7447,543.1075,0.6311,0.5328,1
711.0000,540.0000,733.4311,543.3638,0.9203,0.1348,1
719.0000,540.0000,740.8851,544.1059,0.5058,0.8259,1
743.0000,540.0000,765.1924,543.4604,0.7869,0.1779,1
759.0000,540.0000,781.7296,543.4722,0.9323,0.3237,1
703.0000,548.0000,725.5290,550.6454,0.7680,0.7612,1
719.0000,548.0000,741.4489,551.6790,0.6680,0.3106,1
727.0000,548.0000,749.6961,551.3494,0.5096,0.3677,1
735.0000,548.0000,757.0203,550.8775,0.5676,0.6460,1
751.0000,548.0000,773.0643,551.4800,0.7469,0.3245,1
727.0000,556.0000,749.3811,559.6849,0.8357,0.2771,1
743.0000,556.0000,765.7472,559.7790,0.6389,0.5032,1
759.0000,556.0000,781.5288,559.0860,0.6102,0.4111,1
719.0000,564.0000,742.4683,566.7318,0.5730,1.3272,1
727.0000,564.0000,749.1363,566.6929,0.6024,0.7428,1
759.0000,564.0000,781.1815,567.5599,0.7597,0.2409,1
711.0000,572.0000,733.5729,574.9259,0.8191,0.5235,1
727.0000,572.0000,749.1346,574.7896,0.9155,0.6479,1
759.0000,572.0000,781.4725,575.8830,0.5122,0.4157,1
671.0000,580.0000,693.4810,583.0435,0.5518,0.3639,1
687.0000,580.0000,709.5318,583.5029,0.8071,0.3405,1
711.0000,580.0000,733.5040,582.7160,0.6690,0.6844,1
727.0000,580.0000,749.5111,584.1308,0.7314,0.7491,1
735.0000,580.0000,756.9406,582.9885,0.9277,0.5968,1
671.0000,588.0000,693.7494,591.2259,0.6645,0.5427,1
687.0000,588.0000,709.9811,591.7164,0.5316,0.8374,1
695.0000,588.0000,718.1229,591.8603,0.5392,1.0083,1
735.0000,588.0000,756.6191,591.3355,0.9477,0.7392,1
671.0000,596.0000,694.1592,599.3374,0.7857,0.9510,1
679.0000,596.0000,702.2327,599.2377,0.5718,1.0064,1
695.0000,596.0000,718.0797,599.7055,0.8578,0.8982,1
711.0000,596.0000,733.1724,599.8270,0.7314,0.4814,1
719.0000,596.0000,741.2120,599.1966,0.9417,0.2116,1
759.0000,596.0000,781.4549,598.8592,0.5669,0.6058,1
671.0000,604.0000,693.3699,607.6269,0.8558,0.3853,1
679.0000,604.0000,701.6114,607.6635,0.9047,0.5330,1
687.0000,604.0000,709.3000,607.7016,0.8776,0.3956,1
703.0000,604.0000,725.0981,607.7879,0.5805,0.4815,1
711.0000,604.0000,733.0083,607.6650,0.8608,0.4225,1
719.0000,604.0000,741.0770,607.1043,0.8989,0.3640,1
727.0000,604.0000,748.9965,607.2049,0.8686,0.3887,1
735.0000,604.0000,756.8302,607.5137,0.8548,0.5345,1
743.0000,604.0000,765.1897,607.4390,0.6436,0.1834,1
759.0000,604.0000,781.8578,606.7965,0.7766,0.8013,1
671.0000,612.0000,693.9316,615.2479,0.9598,0.7214,1
679.0000,612.0000,701.5358,615.5882,0.9047,0.4281,1
687.0000,612.0000,709.2842,615.1079,0.9542,0.2022,1
695.0000,612.0000,716.9024,615.0505,0.8786,0.4535,1
703.0000,612.0000,724.8498,615.8628,0.8214,0.6789,1
711.0000,612.0000,733.2129,615.8297,0.9519,0.4810,1
719.0000,612.0000,740.6597,615.3155,0.8736,0.6617,1
727.0000,612.0000,748.6087,615.0217,0.9648,0.8161,1
735.0000,612.0000,757.2512,615.4764,0.7070,0.1249,1
743.0000,612.0000,764.6280,614.7798,0.5079,0.9847,1
751.0000,612.0000,774.1080,614.6521,0.5586,1.0655,1
759.0000,612.0000,781.3595,614.5069,0.5881,0.9515,1
671.0000,620.0000,693.6023,623.0579,0.8924,0.4452,1
679.0000,620.0000,701.6922,623.1283,0.9424,0.4896,1
687.0000,620.0000,709.8903,622.8498,0.9742,0.7872,1
695.0000,620.0000,717.4338,623.7276,0.7906,0.4409,1
703.0000,620.0000,725.6503,622.6966,0.5941,0.7382,1
719.0000,620.0000,741.2462,623.6263,0.9807,0.2661,1
735.0000,620.0000,757.5494,623.3998,0.9142,0.1941,1
743.0000,620.0000,765.3454,623.2427,0.9715,0.1800,1
751.0000,620.0000,773.0128,622.8781,0.8467,0.6752,1
687.0000,628.0000,709.4267,631.5970,0.6065,0.3465,1
703.0000,628.0000,725.4342,631.0123,0.8007,0.3551,1
735.0000,628.0000,757.3323,630.8442,0.9378,0.5570,1
743.0000,628.0000,765.4240,630.5627,0.7207,0.8562,1
751.0000,628.0000,772.9873,631.3535,0.9114,0.4123,1
759.0000,628.0000,781.5887,630.9708,0.6521,0.5123,1
810.0000,540.0000,832.0202,542.9506,0.7470,0.8133,1
834.0000,540.0000,856.6038,543.4707,0.9036,0.1732,1
842.0000,540.0000,864.4806,543.7568,0.8235,0.1498,1
882.0000,540.0000,904.5939,543.3352,0.5274,0.4164,1
810.0000,548.0000,831.7781,551.6457,0.6439,0.7456,1
826.0000,548.0000,848.4267,551.3041,0.9119,0.3435,1
834.0000,548.0000,856.0757,551.1332,0.9517,0.7108,1
842.0000,548.0000,864.5514,551.2357,0.8467,0.4215,1
890.0000,548.0000,912.6328,552.3244,0.9514,0.5732,1
802.0000,556.0000,824.0896,559.6176,0.5228,0.4171,1
810.0000,556.0000,832.0103,559.4184,0.7193,0.5380,1
826.0000,556.0000,848.3161,559.5829,0.8999,0.2444,1
842.0000,556.0000,864.8108,560.1079,0.5380,0.5048,1
890.0000,556.0000,912.5512,560.3875,0.9539,0.6528,1
802.0000,564.0000,823.4509,566.9349,0.5638,1.2275,1
818.0000,564.0000,841.1651,566.9571,0.8911,0.8957,1
826.0000,564.0000,848.1715,566.9011,0.5184,0.8124,1
882.0000,564.0000,904.1487,567.4494,0.8724,0.6061,1
890.0000,564.0000,913.2454,567.7375,0.7579,0.5429,1
810.0000,572.0000,831.8780,575.7553,0.5006,0.6681,1
866.0000,572.0000,888.9381,576.1927,0.6973,0.5748,1
874.0000,572.0000,896.4032,575.8855,0.6962,0.3152,1
866.0000,580.0000,888.8261,583.6875,0.7403,0.1771,1
850.0000,588.0000,873.2232,591.4480,0.8574,0.6445,1
858.0000,588.0000,880.4969,591.5610,0.9194,0.1751,1
866.0000,588.0000,888.3309,591.7469,0.9859,0.3237,1
874.0000,588.0000,896.9680,591.7672,0.7448,0.3066,1
858.0000,596.0000,880.3575,599.3736,0.9024,0.4039,1
866.0000,596.0000,889.1666,599.3492,0.8994,0.6173,1
882.0000,596.0000,904.8013,599.9118,0.8192,0.2236,1
890.0000,596.0000,912.5969,599.7278,0.7314,0.1074,1
810.0000,604.0000,832.3762,606.9856,0.9196,0.5995,1
818.0000,604.0000,840.6717,607.2649,0.8530,0.3440,1
834.0000,604.0000,857.0048,607.2479,0.9221,0.5642,1
842.0000,604.0000,864.5167,607.1453,0.8671,0.4947,1
850.0000,604.0000,873.0619,607.1538,0.7135,0.6686,1
858.0000,604.0000,881.3253,607.4341,0.9119,0.7313,1
866.0000,604.0000,889.2860,607.1552,0.8589,0.8268,1
882.0000,604.0000,905.1126,608.0241,0.7433,0.5254,1
802.0000,612.0000,824.7061,615.4074,0.7001,0.2438,1
810.0000,612.0000,832.4781,615.6051,0.9645,0.0620,1
818.0000,612.0000,841.5701,614.8448,0.9889,1.2639,1
834.0000,612.0000,856.4783,614.8864,0.7336,0.7342,1
842.0000,612.0000,865.1005,615.4575,0.8593,0.5330,1
850.0000,612.0000,873.2778,615.2597,0.6122,0.7683,1
866.0000,612.0000,889.3096,614.9133,0.9080,1.0116,1
802.0000,620.0000,825.3363,622.7878,0.5760,1.1226,1
810.0000,620.0000,832.8955,623.4482,0.9822,0.3877,1
818.0000,620.0000,841.5546,623.0998,0.9630,1.1191,1
842.0000,620.0000,864.2451,623.4901,0.9312,0.3774,1
882.0000,620.0000,905.0288,624.3323,0.6452,0.7092,1
818.0000,628.0000,840.9735,631.2808,0.7314,0.5211,1
842.0000,628.0000,864.2409,631.9766,0.8347,0.5009,1
850.0000,628.0000,872.5348,632.1372,0.6528,0.5026,1
874.0000,628.0000,897.3039,631.5179,0.5938,0.6580,1
882.0000,628.0000,905.2244,631.9949,0.9380,0.6091,1
933.0000,540.0000,956.3831,544.2203,0.7082,0.6928,1
941.0000,540.0000,964.4761,545.2597,0.8859,1.5426,0
933.0000,548.0000,956.3874,553.0425,0.7833,1.3340,1
941.0000,548.0000,964.0702,552.6679,0.6890,0.8447,1
949.0000,548.0000,972.2608,553.2497,0.5251,1.4355,1
941.0000,556.0000,964.0464,561.0477,0.8229,1.2106,1
989.0000,556.0000,1011.9965,560.7394,0.9791,0.7834,1
941.0000,564.0000,964.1802,569.0862,0.9602,1.2827,1
949.0000,564.0000,972.1469,568.7874,0.9547,0.9664,1
957.0000,564.0000,980.1349,568.6007,0.6210,0.7649,1
981.0000,564.0000,1003.7465,568.2661,0.7298,0.3643,1
989.0000,564.0000,1011.6873,568.7498,0.9447,0.8288,1
941.0000,572.0000,963.9674,576.4030,0.8811,0.5701,1
949.0000,572.0000,971.7384,576.2669,0.9444,0.4093,1
957.0000,572.0000,980.3299,576.4894,0.7647,0.7683,1
965.0000,572.0000,988.6198,576.5118,0.8750,0.9642,1
973.0000,572.0000,996.0719,576.1965,0.7590,0.3312,1
981.0000,572.0000,1004.6403,576.2456,0.9720,0.7947,1
989.0000,572.0000,1011.9394,576.9267,0.9801,0.9737,1
933.0000,580.0000,955.5719,584.9899,0.8069,1.1792,1
941.0000,580.0000,964.0881,584.7958,0.9306,0.9839,1
949.0000,580.0000,971.6704,584.7258,0.9758,0.8752,1
965.0000,580.0000,987.9901,584.1602,0.8082,0.2857,1
973.0000,580.0000,996.2552,584.6606,0.9557,0.8287,1
981.0000,580.0000,1004.2749,584.4414,0.9676,0.6264,1
989.0000,580.0000,1012.2153,584.2595,0.9557,0.4233,1
949.0000,588.0000,971.9645,592.7023,0.8882,0.8487,1
957.0000,588.0000,979.6750,592.6933,0.8623,0.8329,1
965.0000,588.0000,988.7390,592.8435,0.9390,1.2832,1
973.0000,588.0000,996.1953,592.6859,0.8917,0.8303,1
981.0000,588.0000,1004.6260,592.5544,0.9086,0.9508,1
989.0000,588.0000,1012.3010,593.0225,0.9389,1.1388,1
933.0000,596.0000,955.7203,601.3402,0.8063,1.5156,0
941.0000,596.0000,964.2023,600.8231,0.5198,1.0520,1
949.0000,596.0000,971.7574,601.5486,0.7327,1.6902,0
957.0000,596.0000,979.8708,601.2052,0.7632,1.3284,1
965.0000,596.0000,988.1407,600.5494,0.8439,0.7082,1
973.0000,596.0000,996.6770,600.3676,0.9714,0.9092,1
965.0000,604.0000,988.3870,608.6668,0.8451,0.9308,1
973.0000,604.0000,996.2978,608.9284,0.9889,1.0990,1
981.0000,604.0000,1004.2215,608.8029,0.5170,0.9326,1
981.0000,612.0000,1004.3293,617.0058,0.5935,1.1631,1
40.0000,671.0000,61.2288,672.3585,0.5581,0.7222,1
48.0000,671.0000,68.6860,672.6297,0.5386,0.3413,1
56.0000,671.0000,77.6423,673.6328,0.5060,1.0546,1
96.0000,671.0000,117.7778,673.2742,0.6291,0.8907,1
104.0000,671.0000,124.9303,672.5489,0.8665,0.5168,1
56.0000,679.0000,77.6903,681.1470,0.6946,0.8837,1
96.0000,679.0000,117.3843,680.6305,0.8854,0.6257,1
104.0000,679.0000,125.4213,681.4605,0.6764,0.6289,1
32.0000,687.0000,52.5265,688.7944,0.8749,0.2712,1
40.0000,687.0000,61.3490,688.7727,0.9869,0.5792,1
48.0000,687.0000,69.0193,688.9972,0.9235,0.2179,1
56.0000,687.0000,77.6027,689.0658,0.5828,0.7836,1
64.0000,687.0000,85.8836,689.4456,0.5361,1.1404,1
72.0000,687.0000,93.4973,689.4147,0.8206,0.7623,1
80.0000,687.0000,101.4477,689.9148,0.6175,1.0685,1
104.0000,687.0000,124.8775,689.1234,0.7169,0.0858,1
32.0000,695.0000,52.3825,696.4621,0.9262,0.5909,1
40.0000,695.0000,61.2326,696.5116,0.9937,0.6035,1
48.0000,695.0000,69.4210,696.6539,0.9705,0.6755,1
56.0000,695.0000,77.8822,697.5390,0.9304,1.2057,1
64.0000,695.0000,85.4825,697.3182,0.6243,0.7252,1
72.0000,695.0000,93.9263,697.7531,0.7362,1.3092,1
104.0000,695.0000,125.1383,696.7814,0.8791,0.3419,1
32.0000,703.0000,53.2517,704.5897,0.9592,0.5721,1
40.0000,703.0000,60.8612,704.7308,0.9444,0.2014,1
48.0000,703.0000,69.9038,705.0851,0.7966,1.1048,1
56.0000,703.0000,76.8314,704.5285,0.7525,0.4245,1
72.0000,703.0000,93.1488,704.8020,0.9598,0.3400,1
80.0000,703.0000,100.7311,705.1031,0.6619,0.1804,1
88.0000,703.0000,109.7439,705.0829,0.8464,0.8470,1
96.0000,703.0000,117.0324,705.4566,0.8984,0.4355,1
104.0000,703.0000,125.2890,705.1906,0.8464,0.3794,1
32.0000,711.0000,52.7866,712.5729,0.7906,0.3271,1
40.0000,711.0000,61.3619,713.0003,0.7724,0.5767,1
48.0000,711.0000,69.0220,713.3180,0.7430,0.4397,1
56.0000,711.0000,76.4373,712.9274,0.9087,0.3907,1
64.0000,711.0000,85.1366,712.8852,0.9865,0.3023,1
72.0000,711.0000,92.3125,712.9795,0.9691,0.5510,1
80.0000,711.0000,100.4347,713.0913,0.9644,0.4561,1
88.0000,711.0000,109.2142,712.4312,0.9722,0.6647,1
96.0000,711.0000,116.6495,712.9308,0.9719,0.2872,1
104.0000,711.0000,125.1536,712.6928,0.8177,0.4186,1
32.0000,719.0000,53.3606,720.1481,0.8111,0.9513,1
40.0000,719.0000,61.5101,720.4941,0.9331,0.8318,1
48.0000,719.0000,69.0212,720.3108,0.9425,0.6544,1
56.0000,719.0000,77.0434,720.1997,0.9951,0.7776,1
64.0000,719.0000,84.7277,720.8747,0.9987,0.1478,1
72.0000,719.0000,92.8051,720.5932,0.9918,0.3915,1
80.0000,719.0000,100.2307,721.1495,0.9542,0.6688,1
88.0000,719.0000,109.1167,720.5941,0.8296,0.4723,1
96.0000,719.0000,117.0269,720.2702,0.8707,0.7680,1
104.0000,719.0000,125.2612,720.8856,0.7057,0.3630,1
32.0000,727.0000,53.4328,728.2556,0.6425,0.9171,1
40.0000,727.0000,61.2449,728.7824,0.9248,0.4706,1
48.0000,727.0000,68.4964,728.8158,0.8857,0.3328,1
56.0000,727.0000,76.0940,728.6791,0.9647,0.7803,1
64.0000,727.0000,84.4417,728.8277,0.9985,0.4257,1
72.0000,727.0000,92.2854,728.8515,0.9958,0.5922,1
80.0000,727.0000,100.6831,729.2784,0.9789,0.3473,1
88.0000,727.0000,108.3251,728.8816,0.7727,0.5895,1
96.0000,727.0000,116.9481,728.3647,0.9136,0.6633,1
104.0000,727.0000,125.0324,728.1236,0.9223,0.9254,1
32.0000,735.0000,52.7561,736.7586,0.8334,0.1331,1
40.0000,735.0000,60.4430,736.2996,0.8749,0.7009,1
48.0000,735.0000,68.9150,736.8712,0.7723,0.1171,1
56.0000,735.0000,76.3580,736.9268,0.9640,0.4706,1
64.0000,735.0000,84.3741,736.4279,0.9914,0.7096,1
72.0000,735.0000,92.1414,736.7568,0.9842,0.7551,1
80.0000,735.0000,100.2987,737.3418,0.9817,0.6813,1
88.0000,735.0000,108.1759,736.5650,0.8878,0.8491,1
96.0000,735.0000,116.4637,736.7013,0.9489,0.5579,1
104.0000,735.0000,124.7993,736.7633,0.9730,0.3098,1
32.0000,743.0000,52.6971,744.8481,0.8524,0.0869,1
40.0000,743.0000,60.7935,744.8485,0.7175,0.0556,1
56.0000,743.0000,76.3230,745.2967,0.9103,0.6203,1
64.0000,743.0000,84.3557,744.5072,0.9380,0.6641,1
72.0000,743.0000,92.4597,744.5442,0.8195,0.5885,1
80.0000,743.0000,100.0176,745.2659,0.9116,0.9089,1
88.0000,743.0000,108.1790,743.9214,0.9071,1.3016,1
96.0000,743.0000,116.9010,744.5539,0.9787,0.4676,1
104.0000,743.0000,125.1281,744.7190,0.9766,0.3717,1
32.0000,751.0000,52.6431,752.4915,0.7462,0.4144,1
40.0000,751.0000,60.1703,752.8817,0.9009,0.6230,1
56.0000,751.0000,77.0663,752.8965,0.7615,0.2402,1
64.0000,751.0000,84.4347,752.7389,0.9070,0.4639,1
72.0000,751.0000,92.4119,752.7407,0.8672,0.5071,1
80.0000,751.0000,100.3355,752.5474,0.9877,0.7008,1
88.0000,751.0000,108.9487,752.5971,0.9755,0.4070,1
96.0000,751.0000,116.5674,753.0233,0.9674,0.3519,1
104.0000,751.0000,124.7066,753.4098,0.9781,0.4403,1
32.0000,759.0000,52.9021,760.0192,0.7785,0.8713,1
40.0000,759.0000,60.6259,760.8271,0.8696,0.1818,1
48.0000,759.0000,69.3105,760.5637,0.7070,0.6102,1
56.0000,759.0000,77.3444,760.6906,0.5739,0.5686,1
64.0000,759.0000,84.4493,761.3045,0.5861,0.5343,1
80.0000,759.0000,100.6061,760.9090,0.6509,0.2867,1
88.0000,759.0000,109.0951,760.5620,0.7818,0.4772,1
96.0000,759.0000,117.3089,760.2236,0.9820,0.8819,1
104.0000,759.0000,125.4149,760.5295,0.9470,0.6927,1
147.0000,671.0000,168.3618,672.3674,0.8218,0.8546,1
155.0000,671.0000,176.3553,672.4224,0.7921,0.8099,1
163.0000,671.0000,184.1594,672.9281,0.8929,0.2767,1
187.0000,671.0000,207.6573,672.5168,0.9027,0.8585,1
195.0000,671.0000,216.6049,672.4925,0.8656,0.8941,1
203.0000,671.0000,223.9097,673.1015,0.8820,0.3009,1
211.0000,671.0000,232.2710,672.8226,0.6751,0.4763,1
219.0000,671.0000,240.6721,672.8405,0.9346,0.6676,1
227.0000,671.0000,248.3149,673.1381,0.9508,0.2115,1
235.0000,671.0000,256.5027,673.0426,0.9931,0.4034,1
147.0000,679.0000,167.9548,680.1889,0.9618,0.9665,1
155.0000,679.0000,175.8742,680.6865,0.9827,0.5134,1
163.0000,679.0000,184.0848,680.3547,0.9770,0.8313,1
171.0000,679.0000,192.5960,680.5693,0.6711,0.8133,1
179.0000,679.0000,200.6071,681.3284,0.9744,0.5153,1
187.0000,679.0000,208.0237,681.1128,0.9793,0.1573,1
195.0000,679.0000,216.4762,681.1377,0.9950,0.3557,1
203.0000,679.0000,224.0321,681.3082,0.9923,0.1314,1
211.0000,679.0000,232.4403,680.4799,0.8474,0.8485,1
219.0000,679.0000,240.6497,681.1495,0.9493,0.4811,1
227.0000,679.0000,248.6140,680.8760,0.9779,0.5987,1
235.0000,679.0000,255.9007,681.3569,0.7842,0.3298,1
147.0000,687.0000,167.7733,688.4204,0.9926,0.7733,1
155.0000,687.0000,175.9500,688.5591,0.9941,0.6151,1
163.0000,687.0000,183.7748,689.0642,0.9879,0.3161,1
171.0000,687.0000,192.5963,688.8627,0.9736,0.6115,1
179.0000,687.0000,199.9095,689.2889,0.9778,0.2075,1
187.0000,687.0000,207.9919,689.0750,0.9986,0.2045,1
195.0000,687.0000,215.7552,688.8159,0.9722,0.5798,1
203.0000,687.0000,224.4615,689.0978,0.9830,0.3471,1
211.0000,687.0000,232.1371,689.1897,0.9470,0.1012,1
219.0000,687.0000,239.8331,688.7368,0.9611,0.6688,1
227.0000,687.0000,248.4445,688.8755,0.9919,0.4984,1
235.0000,687.0000,255.8944,688.6881,0.9845,0.7273,1
147.0000,695.0000,168.5140,696.4446,0.9874,0.8512,1
155.0000,695.0000,176.4452,696.8604,0.9621,0.4977,1
163.0000,695.0000,184.0297,696.5597,0.9128,0.6211,1
171.0000,695.0000,191.9558,697.0333,0.8695,0.2088,1
179.0000,695.0000,200.0484,696.9082,0.9892,0.3100,1
187.0000,695.0000,208.0803,696.8411,0.9439,0.3910,1
195.0000,695.0000,216.3061,697.3908,0.9506,0.2198,1
203.0000,695.0000,223.6173,697.6932,0.7003,0.6912,1
211.0000,695.0000,232.3820,697.1902,0.7780,0.2243,1
219.0000,695.0000,240.2885,697.2490,0.8342,0.1054,1
227.0000,695.0000,247.8246,697.5791,0.9961,0.4701,1
235.0000,695.0000,255.7398,697.1996,0.9922,0.5078,1
147.0000,703.0000,168.4793,704.1848,0.9208,1.0575,1
155.0000,703.0000,176.5701,704.5715,0.9509,0.7850,1
163.0000,703.0000,184.3456,704.6193,0.5554,0.6223,1
171.0000,703.0000,192.1798,705.2555,0.8997,0.1121,1
179.0000,703.0000,200.3228,704.5720,0.9785,0.6743,1
187.0000,703.0000,208.5723,705.1734,0.8962,0.4529,1
195.0000,703.0000,215.9477,705.3897,0.7513,0.2421,1
211.0000,703.0000,232.2220,705.0180,0.9333,0.2628,1
219.0000,703.0000,240.7501,705.0704,0.6800,0.5985,1
227.0000,703.0000,248.7795,705.2123,0.9805,0.5751,1
235.0000,703.0000,256.0725,705.0251,0.9866,0.3409,1
147.0000,711.0000,168.1458,712.2344,0.5515,0.9127,1
155.0000,711.0000,175.8409,712.8284,0.9076,0.3897,1
163.0000,711.0000,184.3133,712.3789,0.9299,0.8313,1
171.0000,711.0000,192.0895,712.4884,0.8727,0.7018,1
179.0000,711.0000,200.6533,713.1091,0.9931,0.5571,1
187.0000,711.0000,208.5930,712.9346,0.6614,0.5518,1
195.0000,711.0000,216.4375,712.7236,0.7287,0.5957,1
203.0000,711.0000,224.1318,713.0716,0.8824,0.1875,1
211.0000,711.0000,232.4475,712.7917,0.9725,0.5528,1
219.0000,711.0000,240.0131,713.6132,0.9102,0.3705,1
227.0000,711.0000,248.1042,713.0894,0.9556,0.2435,1
235.0000,711.0000,256.5579,712.9355,0.9703,0.5076,1
147.0000,719.0000,168.3805,720.3058,0.8182,0.9009,1
155.0000,719.0000,176.0147,720.3585,0.7309,0.7960,1
163.0000,719.0000,184.1114,720.6934,0.9444,0.4789,1
171.0000,719.0000,192.1419,720.7966,0.7420,0.3943,1
179.0000,719.0000,199.8231,721.2701,0.6289,0.2897,1
187.0000,719.0000,208.5682,721.1716,0.7319,0.4476,1
195.0000,719.0000,216.1576,721.2687,0.5420,0.0355,1
203.0000,719.0000,223.8742,721.1674,0.9964,0.2980,1
211.0000,719.0000,232.7263,721.5413,0.9957,0.6120,1
219.0000,719.0000,240.5118,721.8602,0.9462,0.6543,1
227.0000,719.0000,248.7718,721.8118,0.9885,0.7546,1
235.0000,719.0000,255.6910,721.6411,0.9939,0.6283,1
155.0000,727.0000,175.7053,728.3315,0.5583,0.8892,1
163.0000,727.0000,184.1240,729.1070,0.9780,0.0814,1
171.0000,727.0000,191.9093,729.0735,0.7903,0.2097,1
179.0000,727.0000,200.0774,728.8940,0.9158,0.3080,1
195.0000,727.0000,216.6843,729.1375,0.7257,0.5512,1
203.0000,727.0000,224.0897,728.7536,0.9922,0.5022,1
211.0000,727.0000,232.4163,729.4518,0.9980,0.3014,1
219.0000,727.0000,239.8976,729.5296,0.9846,0.3861,1
227.0000,727.0000,247.9634,729.3071,0.9739,0.2505,1
235.0000,727.0000,256.6513,729.0804,0.9820,0.4820,1
147.0000,735.0000,168.0575,737.1709,0.7657,0.0467,1
155.0000,735.0000,176.2692,736.7169,0.9221,0.4824,1
163.0000,735.0000,184.1988,737.0953,0.9647,0.1463,1
171.0000,735.0000,191.7085,736.4776,0.7839,0.7991,1
179.0000,735.0000,200.3953,736.5470,0.6462,0.7121,1
187.0000,735.0000,208.0825,737.1175,0.5283,0.1053,1
195.0000,735.0000,216.5095,736.9084,0.9454,0.4891,1
203.0000,735.0000,224.0954,737.5000,0.9968,0.2603,1
211.0000,735.0000,232.1939,736.9786,0.9977,0.2863,1
219.0000,735.0000,239.7864,737.2104,0.9926,0.4158,1
227.0000,735.0000,248.1173,737.5915,0.9557,0.3091,1
235.0000,735.0000,256.5840,736.7620,0.9945,0.6551,1
147.0000,743.0000,167.1636,745.1944,0.8681,0.8730,1
155.0000,743.0000,175.5439,745.1269,0.8122,0.5085,1
163.0000,743.0000,183.5088,745.0957,0.8742,0.5652,1
171.0000,743.0000,191.7140,745.3699,0.9172,0.4205,1
187.0000,743.0000,208.2051,744.7333,0.5912,0.4848,1
195.0000,743.0000,216.0326,745.0416,0.9741,0.2163,1
203.0000,743.0000,224.5784,745.0127,0.9872,0.4781,1
211.0000,743.0000,232.4028,744.7921,0.9951,0.5202,1
219.0000,743.0000,240.4921,745.3981,0.9939,0.3191,1
227.0000,743.0000,248.5222,745.3763,0.9971,0.3183,1
235.0000,743.0000,256.0351,744.8795,0.9769,0.4750,1
147.0000,751.0000,167.9391,753.4204,0.8923,0.3108,1
155.0000,751.0000,176.0432,753.2259,0.9510,0.0851,1
171.0000,751.0000,192.4418,752.9297,0.8872,0.4300,1
179.0000,751.0000,200.5522,752.8655,0.8208,0.5522,1
187.0000,751.0000,208.5345,752.9868,0.9558,0.4659,1
195.0000,751.0000,216.4289,753.1575,0.9854,0.2941,1
203.0000,751.0000,223.8944,752.8771,0.9948,0.4514,1
211.0000,751.0000,232.5025,753.1151,0.9929,0.3540,1
219.0000,751.0000,240.5683,753.5670,0.9959,0.4725,1
227.0000,751.0000,248.1525,753.4812,0.9908,0.1994,1
235.0000,751.0000,256.2192,752.9563,0.9667,0.3525,1
147.0000,759.0000,168.1696,761.5347,0.9834,0.4346,1
155.0000,759.0000,175.6834,761.3098,0.9813,0.4072,1
163.0000,759.0000,183.4526,761.0627,0.9784,0.6250,1
171.0000,759.0000,191.7347,760.9783,0.9792,0.4035,1
179.0000,759.0000,199.8025,761.1718,0.9411,0.3049,1
187.0000,759.0000,208.1232,761.6078,0.8504,0.4027,1
195.0000,759.0000,216.2253,761.2069,0.8668,0.0837,1
203.0000,759.0000,224.3462,760.7041,0.9513,0.5656,1
211.0000,759.0000,232.0913,760.7260,0.9842,0.5365,1
219.0000,759.0000,240.0639,761.2300,0.9974,0.1396,1
227.0000,759.0000,248.6224,760.8316,0.9931,0.6122,1
235.0000,759.0000,256.0331,761.4717,0.9919,0.2602,1
318.0000,671.0000,339.3300,672.9847,0.5330,0.5351,1
318.0000,679.0000,339.2854,680.8321,0.5791,0.6903,1
278.0000,695.0000,298.9305,697.3801,0.8222,0.3990,1
278.0000,703.0000,299.2544,705.4569,0.7479,0.0836,1
286.0000,703.0000,307.1206,705.2983,0.8250,0.2628,1
310.0000,703.0000,331.1551,705.3556,0.6473,0.2764,1
326.0000,703.0000,347.5887,705.2047,0.5688,0.3478,1
286.0000,711.0000,307.2933,713.5838,0.5631,0.1622,1
310.0000,711.0000,331.2034,713.7048,0.7258,0.2984,1
318.0000,711.0000,339.1128,713.6717,0.6738,0.3519,1
326.0000,711.0000,347.5876,713.9798,0.7550,0.4896,1
278.0000,719.0000,299.0506,721.9110,0.6393,0.5723,1
286.0000,719.0000,307.6608,721.9262,0.9637,0.5896,1
310.0000,719.0000,331.0436,721.5743,0.7381,0.3700,1
286.0000,727.0000,306.8470,729.8917,0.7431,0.6844,1
294.0000,727.0000,315.9860,729.8756,0.8942,0.7580,1
302.0000,727.0000,323.3694,730.0047,0.9332,0.5471,1
310.0000,727.0000,330.9464,729.6683,0.6000,0.4942,1
318.0000,727.0000,339.1609,729.8736,0.9174,0.4614,1
294.0000,735.0000,315.4049,737.7008,0.8664,0.2658,1
302.0000,735.0000,323.0953,737.8267,0.5684,0.4704,1
326.0000,735.0000,347.3003,737.3888,0.6813,0.1797,1
294.0000,743.0000,315.0930,745.3592,0.7677,0.2829,1
294.0000,751.0000,315.9353,753.1905,0.7863,0.6184,1
302.0000,751.0000,323.3364,752.9768,0.7390,0.4741,1
286.0000,759.0000,307.6345,761.3167,0.5836,0.3017,1
294.0000,759.0000,315.7152,761.5354,0.7347,0.3649,1
302.0000,759.0000,323.2036,761.4319,0.8204,0.1812,1
310.0000,759.0000,331.7591,761.1432,0.6861,0.4786,1
318.0000,759.0000,339.4748,761.6599,0.7706,0.1890,1
449.0000,679.0000,470.9512,682.1591,0.7148,0.4450,1
449.0000,687.0000,471.0032,690.0955,0.7073,0.4285,1
540.0000,671.0000,561.6006,673.7768,0.8625,0.3747,1
540.0000,679.0000,561.2866,682.0534,0.8110,0.6363,1
548.0000,679.0000,570.0498,681.7897,0.9090,0.2307,1
540.0000,687.0000,561.3687,689.5433,0.7466,0.6960,1
548.0000,687.0000,569.5928,689.6782,0.6409,0.4620,1
628.0000,711.0000,649.9889,713.5987,0.6353,0.5614,1
671.0000,671.0000,693.4959,674.7398,0.6920,0.5652,1
759.0000,671.0000,781.0761,674.2713,0.7280,0.3729,1
719.0000,679.0000,741.8551,681.7056,0.5650,0.8348,1
727.0000,679.0000,749.2248,682.5526,0.8212,0.2206,1
735.0000,679.0000,757.3167,681.8494,0.8934,0.5332,1
743.0000,679.0000,765.1482,681.6873,0.9020,0.7460,1
751.0000,679.0000,773.4770,682.2308,0.6642,0.2016,1
759.0000,679.0000,781.3259,682.4559,0.9656,0.0894,1
735.0000,687.0000,757.1086,689.7827,0.8796,0.6454,1
743.0000,687.0000,765.8983,690.5566,0.9250,0.5467,1
759.0000,687.0000,781.4685,690.0783,0.9673,0.3544,1
727.0000,695.0000,749.3636,698.4068,0.5727,0.0539,1
735.0000,695.0000,757.8122,698.3251,0.7068,0.4565,1
743.0000,695.0000,765.9354,698.6168,0.7427,0.6026,1
751.0000,695.0000,773.9989,698.1859,0.7103,0.6441,1
759.0000,695.0000,782.3004,697.6918,0.8050,1.1515,1
719.0000,703.0000,740.8988,706.6527,0.7302,0.5277,1
727.0000,703.0000,749.1519,706.2841,0.7513,0.2016,1
735.0000,703.0000,757.6511,706.4350,0.8825,0.2991,1
719.0000,727.0000,741.0841,729.6440,0.9567,0.7257,1
727.0000,727.0000,749.8866,730.1000,0.8601,0.5979,1
751.0000,727.0000,773.1212,730.1972,0.8381,0.3389,1
759.0000,727.0000,781.2604,729.9069,0.5263,0.5286,1
719.0000,735.0000,741.0512,737.7828,0.6982,0.6078,1
727.0000,735.0000,748.9757,738.0352,0.7722,0.4782,1
743.0000,735.0000,765.0232,738.0048,0.8631,0.5137,1
751.0000,735.0000,772.9272,737.9673,0.9462,0.6333,1
759.0000,735.0000,781.3259,738.5065,0.8500,0.1311,1
711.0000,743.0000,732.5937,746.3956,0.8332,0.7181,1
727.0000,743.0000,748.8029,745.9167,0.6323,0.6855,1
735.0000,743.0000,756.8698,746.0229,0.8318,0.5931,1
743.0000,743.0000,765.3112,746.2891,0.5269,0.1075,1
751.0000,743.0000,773.1274,745.8906,0.8773,0.5671,1
759.0000,743.0000,781.1329,746.1594,0.9798,0.3747,1
719.0000,751.0000,741.0814,754.2937,0.8096,0.2446,1
727.0000,751.0000,750.1073,753.6361,0.9083,1.0371,1
735.0000,751.0000,757.5973,753.9208,0.9061,0.4930,1
759.0000,751.0000,780.8581,754.5569,0.8421,0.5775,1
711.0000,759.0000,732.6083,762.1062,0.5490,0.7249,1
719.0000,759.0000,741.1629,762.0138,0.8861,0.3436,1
727.0000,759.0000,749.8699,762.4073,0.7629,0.5321,1
735.0000,759.0000,757.5423,761.7569,0.8643,0.6204,1
743.0000,759.0000,765.6520,761.9911,0.5628,0.4645,1
759.0000,759.0000,781.6504,761.7625,0.7091,0.6798,1
866.0000,671.0000,888.2472,674.9578,0.9321,0.5045,1
810.0000,679.0000,832.3066,683.2298,0.8492,0.7263,1
858.0000,679.0000,879.8921,682.2491,0.5682,0.8387,1
866.0000,679.0000,888.9634,681.7261,0.9665,0.9792,1
874.0000,679.0000,896.0310,681.9422,0.9373,0.9705,1
882.0000,679.0000,903.8331,682.2458,0.5837,0.9638,1
866.0000,687.0000,888.0711,690.0835,0.6811,0.8137,1
874.0000,687.0000,895.7852,689.9815,0.8562,1.1215,1
882.0000,687.0000,904.4918,690.6305,0.8435,0.2052,1
850.0000,695.0000,871.9905,697.9436,0.5203,0.9189,1
858.0000,695.0000,880.0103,698.5545,0.6548,0.6303,1
866.0000,695.0000,887.7645,697.6076,0.7122,1.3691,1
874.0000,695.0000,896.1977,698.4213,0.8311,0.5333,1
882.0000,695.0000,903.7548,698.2709,0.8926,1.0215,1
890.0000,695.0000,912.0353,698.4635,0.8778,0.7126,1
850.0000,703.0000,871.9836,706.5945,0.5186,0.6348,1
858.0000,703.0000,880.0269,706.5238,0.7264,0.6183,1
866.0000,703.0000,888.5310,705.6372,0.6391,1.0158,1
874.0000,703.0000,896.7035,705.8211,0.9810,0.8418,1
882.0000,703.0000,904.5845,705.9669,0.8168,0.7199,1
890.0000,703.0000,912.6302,706.0799,0.8655,0.6207,1
802.0000,711.0000,823.8950,715.0340,0.7069,0.8089,1
810.0000,711.0000,832.2709,714.8060,0.6617,0.3808,1
850.0000,711.0000,872.5104,713.9524,0.6869,0.6654,1
858.0000,711.0000,880.2219,714.7093,0.6962,0.4230,1
874.0000,711.0000,896.1936,713.7979,0.8959,0.9855,1
882.0000,711.0000,904.6631,714.1952,0.6852,0.4815,1
890.0000,711.0000,912.0126,713.7828,0.8475,1.1456,1
802.0000,719.0000,824.0894,722.0014,0.6391,0.6569,1
850.0000,719.0000,872.6336,721.4882,0.6536,1.1178,1
858.0000,719.0000,880.5504,721.6090,0.8391,1.0173,1
866.0000,719.0000,888.5648,722.4599,0.6155,0.2008,1
874.0000,719.0000,897.0581,722.5316,0.9637,0.4048,1
890.0000,719.0000,912.9418,722.9663,0.6913,0.3617,1
842.0000,727.0000,864.4052,730.1067,0.6496,0.5179,1
850.0000,727.0000,872.3601,730.1051,0.8324,0.5611,1
866.0000,727.0000,888.4094,730.1294,0.6041,0.5633,1
874.0000,727.0000,896.8544,730.2568,0.5998,0.4356,1
818.0000,735.0000,840.7120,737.8988,0.5784,0.6552,1
826.0000,735.0000,848.2425,738.0636,0.9542,0.5834,1
834.0000,735.0000,855.9869,738.0763,0.8445,0.7719,1
842.0000,735.0000,864.1040,738.3613,0.5951,0.5446,1
858.0000,735.0000,880.7739,738.2505,0.6788,0.3906,1
802.0000,743.0000,824.5092,746.2469,0.6641,0.2495,1
818.0000,743.0000,839.9821,746.2502,0.8431,0.6308,1
826.0000,743.0000,848.4468,746.2222,0.9156,0.3454,1
834.0000,743.0000,856.2982,746.3718,0.9048,0.3437,1
858.0000,743.0000,880.6156,746.2876,0.6538,0.3266,1
810.0000,751.0000,831.8098,754.5151,0.9142,0.7201,1
818.0000,751.0000,840.7428,754.2630,0.7646,0.3279,1
826.0000,751.0000,848.4627,754.7467,0.8789,0.2280,1
834.0000,751.0000,856.5796,755.0943,0.9431,0.5341,1
850.0000,751.0000,872.6031,754.8432,0.6244,0.2502,1
858.0000,751.0000,880.6721,754.3206,0.8483,0.2917,1
882.0000,751.0000,904.5493,753.9380,0.7310,0.7365,1
890.0000,751.0000,913.0288,754.6944,0.6746,0.3190,1
802.0000,759.0000,824.6340,761.8841,0.8995,0.6183,1
810.0000,759.0000,832.4821,762.3992,0.9502,0.1180,1
818.0000,759.0000,840.8094,762.4948,0.5728,0.2628,1
826.0000,759.0000,848.5120,762.9735,0.6387,0.4366,1
834.0000,759.0000,856.2115,762.9585,0.7162,0.5479,1
842.0000,759.0000,864.3399,762.3795,0.9573,0.3266,1
850.0000,759.0000,872.8593,762.2323,0.9824,0.4306,1
858.0000,759.0000,880.5085,762.5439,0.5582,0.1446,1
882.0000,759.0000,904.8204,762.2020,0.5301,0.4729,1
890.0000,759.0000,912.1756,762.2000,0.7006,0.7149,1
957.0000,671.0000,980.2360,675.6149,0.5310,0.8549,1
965.0000,671.0000,987.8632,675.4071,0.6649,0.5425,1
933.0000,679.0000,956.1811,683.0415,0.5183,0.4504,1
957.0000,679.0000,979.5852,683.2405,0.7363,0.4808,1
965.0000,679.0000,987.6035,683.4947,0.7057,0.6895,1
933.0000,687.0000,956.3528,691.0573,0.5337,0.6091,1
941.0000,719.0000,963.5481,723.2628,0.8351,0.5422,1
933.0000,727.0000,955.6646,731.4587,0.6603,0.6969,1
941.0000,727.0000,963.8707,731.4194,0.5858,0.6281,1
933.0000,735.0000,955.2676,740.0301,0.8911,1.3676,1
941.0000,735.0000,963.7966,739.7663,0.8405,0.9768,1
949.0000,735.0000,971.4933,739.0848,0.8916,0.4466,1
957.0000,735.0000,979.2113,739.4246,0.6524,0.8850,1
973.0000,735.0000,995.7414,739.2635,0.7447,0.4354,1
981.0000,735.0000,1004.0079,740.0260,0.8920,1.1562,1
957.0000,743.0000,979.9132,747.8406,0.6199,1.0217,1
965.0000,743.0000,987.7692,747.6157,0.8870,0.7865,1
973.0000,743.0000,995.7706,747.8269,0.9710,0.9814,1
981.0000,743.0000,1003.5513,747.0682,0.8014,0.4143,1
989.0000,743.0000,1011.2470,747.2817,0.7500,0.7917,1
965.0000,751.0000,988.0907,756.0504,0.6778,1.2347,1
973.0000,751.0000,995.7439,755.0118,0.9322,0.2227,1
981.0000,751.0000,1003.2414,755.1872,0.8158,0.7462,1
989.0000,751.0000,1011.7625,755.0459,0.7405,0.2356,1
973.0000,759.0000,995.7878,763.3107,0.8358,0.4761,1
981.0000,759.0000,1004.1245,763.3971,0.5391,0.5722,1
88.0000,802.0000,108.4466,803.5240,0.7602,0.6466,1
96.0000,802.0000,117.0291,803.8217,0.9104,0.2069,1
104.0000,802.0000,125.0198,804.0870,0.9737,0.1079,1
72.0000,810.0000,92.8778,811.8015,0.8276,0.1440,1
96.0000,810.0000,116.9216,812.0290,0.8967,0.0337,1
104.0000,810.0000,125.1041,812.2647,0.9613,0.3014,1
80.0000,818.0000,100.6987,819.6758,0.7501,0.3393,1
104.0000,818.0000,125.1540,819.5530,0.8257,0.5036,1
48.0000,834.0000,68.1617,836.1533,0.8575,0.7055,1
56.0000,834.0000,76.0272,835.8887,0.8532,0.8054,1
96.0000,834.0000,116.4553,836.0222,0.5397,0.4689,1
40.0000,842.0000,60.5439,844.0251,0.7794,0.2988,1
48.0000,842.0000,68.0083,843.8647,0.9342,0.8066,1
56.0000,842.0000,76.5902,843.4184,0.9325,0.5387,1
40.0000,850.0000,60.2146,851.9117,0.6758,0.5845,1
48.0000,850.0000,68.9276,851.4571,0.9796,0.4372,1
56.0000,850.0000,76.6194,851.5364,0.9375,0.4186,1
64.0000,850.0000,84.9633,851.3970,0.5744,0.5280,1
72.0000,850.0000,92.9968,852.4084,0.6915,0.4953,1
80.0000,850.0000,100.9490,852.3666,0.8996,0.4247,1
88.0000,850.0000,108.2820,852.5922,0.7282,0.8856,1
56.0000,858.0000,76.6968,859.5063,0.9475,0.4103,1
64.0000,858.0000,84.1981,859.9029,0.9778,0.6535,1
72.0000,858.0000,92.2501,859.6410,0.9834,0.6821,1
80.0000,858.0000,100.1279,859.9297,0.9601,0.7598,1
88.0000,858.0000,108.3725,859.6465,0.7046,0.6186,1
56.0000,866.0000,76.5047,867.3743,0.6624,0.6119,1
64.0000,866.0000,84.9417,867.6052,0.6959,0.3148,1
72.0000,866.0000,92.9499,868.1679,0.9217,0.2571,1
80.0000,866.0000,100.5574,868.1313,0.9841,0.3818,1
88.0000,866.0000,108.3121,867.4643,0.9575,0.7717,1
96.0000,866.0000,116.7087,867.7824,0.6684,0.2880,1
56.0000,874.0000,76.6538,875.8900,0.5121,0.1804,1
64.0000,874.0000,84.3023,875.8209,0.8994,0.5561,1
72.0000,874.0000,92.7486,875.6371,0.8953,0.3084,1
80.0000,874.0000,100.2991,875.7573,0.9546,0.6161,1
88.0000,874.0000,109.1795,875.6815,0.9843,0.3858,1
96.0000,874.0000,116.7758,875.9319,0.9848,0.1535,1
56.0000,882.0000,77.3561,884.3569,0.8106,0.7041,1
64.0000,882.0000,84.7219,883.6054,0.8352,0.3229,1
72.0000,882.0000,93.1375,884.1314,0.9067,0.3421,1
80.0000,882.0000,101.0786,883.8529,0.8892,0.2066,1
88.0000,882.0000,108.4288,883.4466,0.8995,0.6947,1
96.0000,882.0000,116.3551,883.3601,0.9414,0.8327,1
104.0000,882.0000,124.4825,883.5606,0.9941,0.6256,1
64.0000,890.0000,84.7057,891.5881,0.9535,0.3427,1
72.0000,890.0000,92.6095,891.3606,0.9374,0.6123,1
80.0000,890.0000,100.5233,891.7004,0.5985,0.4322,1
96.0000,890.0000,117.0041,891.4506,0.6069,0.5199,1
104.0000,890.0000,125.6390,892.0709,0.9188,0.7016,1
147.0000,802.0000,167.2524,803.7538,0.5608,0.8591,1
187.0000,802.0000,208.4769,804.0875,0.6560,0.3645,1
195.0000,802.0000,215.8653,803.5289,0.9209,0.7318,1
227.0000,802.0000,247.8588,804.1685,0.9581,0.3728,1
235.0000,802.0000,255.7680,804.6195,0.9689,0.5722,1
147.0000,810.0000,167.8129,811.7339,0.9039,0.4307,1
179.0000,810.0000,200.4870,811.6571,0.6664,0.6362,1
187.0000,810.0000,208.3869,811.6281,0.8806,0.6149,1
195.0000,810.0000,215.9807,811.8621,0.8593,0.3776,1
219.0000,810.0000,240.3232,812.6594,0.5221,0.4256,1
227.0000,810.0000,248.6016,812.1464,0.9794,0.4035,1
235.0000,810.0000,256.2810,812.9423,0.9891,0.6582,1
147.0000,818.0000,167.7850,819.6082,0.7879,0.5516,1
163.0000,818.0000,183.5634,819.8356,0.6731,0.5898,1
171.0000,818.0000,191.8256,820.1026,0.7713,0.2697,1
179.0000,818.0000,199.7006,819.7555,0.8472,0.5790,1
187.0000,818.0000,208.4019,819.8124,0.9719,0.4607,1
195.0000,818.0000,215.7097,819.6602,0.5221,0.6930,1
219.0000,818.0000,240.5854,820.5377,0.6777,0.4818,1
227.0000,818.0000,248.3497,819.6971,0.9575,0.5840,1
235.0000,818.0000,255.9708,820.7984,0.9461,0.5797,1
147.0000,826.0000,167.9524,827.6805,0.6818,0.4238,1
155.0000,826.0000,175.9266,828.0561,0.8313,0.1406,1
171.0000,826.0000,191.6604,827.9721,0.7763,0.4649,1
179.0000,826.0000,200.1201,827.6606,0.9767,0.5021,1
187.0000,826.0000,207.8889,827.9766,0.9790,0.3132,1
195.0000,826.0000,215.8802,827.5610,0.9413,0.6883,1
211.0000,826.0000,232.0114,827.9492,0.9508,0.3280,1
219.0000,826.0000,239.7737,827.8385,0.7915,0.5897,1
235.0000,826.0000,256.1937,828.4366,0.8713,0.1626,1
147.0000,834.0000,167.3932,835.5011,0.8573,0.8748,1
171.0000,834.0000,192.0440,835.9184,0.9770,0.2294,1
179.0000,834.0000,199.7695,835.5469,0.9743,0.7009,1
187.0000,834.0000,207.8761,836.1138,0.9635,0.2595,1
195.0000,834.0000,215.7416,835.5492,0.8624,0.7602,1
211.0000,834.0000,231.6165,835.7728,0.9266,0.7250,1
219.0000,834.0000,239.2173,836.1296,0.7596,0.9894,1
235.0000,834.0000,256.3339,836.6960,0.7782,0.4307,1
147.0000,842.0000,168.1343,843.8110,0.5802,0.2946,1
171.0000,842.0000,191.4512,843.8199,0.8088,0.7164,1
179.0000,842.0000,200.2671,843.6785,0.9811,0.5029,1
187.0000,842.0000,207.9986,844.1464,0.8979,0.1325,1
203.0000,842.0000,223.7655,843.7614,0.6284,0.5978,1
211.0000,842.0000,232.0350,844.0701,0.9722,0.2126,1
219.0000,842.0000,239.2753,844.0562,0.7134,0.9433,1
147.0000,850.0000,167.2873,852.3477,0.8288,0.7953,1
171.0000,850.0000,192.0482,852.2662,0.7194,0.1370,1
179.0000,850.0000,200.4890,851.9138,0.6550,0.4478,1
187.0000,850.0000,207.8937,851.9503,0.9013,0.3217,1
195.0000,850.0000,216.0864,852.2495,0.6520,0.0870,1
211.0000,850.0000,231.7850,851.9365,0.6012,0.4885,1
219.0000,850.0000,239.8249,851.8759,0.6252,0.5212,1
147.0000,858.0000,167.7113,860.2186,0.8668,0.3542,1
195.0000,858.0000,216.2931,860.3217,0.8351,0.2010,1
203.0000,858.0000,223.5744,860.7974,0.6973,0.8398,1
211.0000,858.0000,232.6354,860.5492,0.5167,0.5611,1
219.0000,858.0000,240.0725,860.7442,0.8217,0.5264,1
147.0000,866.0000,168.1353,867.8727,0.8339,0.2287,1
155.0000,866.0000,175.8515,867.8520,0.5302,0.3198,1
195.0000,866.0000,216.5125,868.5078,0.5299,0.4903,1
147.0000,874.0000,167.7585,875.7510,0.9306,0.4305,1
155.0000,874.0000,175.9224,875.5082,0.5308,0.6011,1
211.0000,874.0000,232.5049,876.4852,0.6602,0.4223,1
147.0000,882.0000,167.6841,883.8126,0.8771,0.4415,1
155.0000,882.0000,176.2551,884.0116,0.7113,0.2126,1
211.0000,882.0000,232.0966,884.7885,0.6384,0.5873,1
219.0000,882.0000,240.1939,884.7458,0.7513,0.5213,1
227.0000,882.0000,248.5523,884.5742,0.5860,0.4702,1
155.0000,890.0000,175.7934,892.1044,0.6060,0.2653,1
203.0000,890.0000,224.0737,892.9212,0.8804,0.7390,1
211.0000,890.0000,232.2098,892.7747,0.5504,0.5705,1
219.0000,890.0000,240.3073,892.5115,0.9058,0.3083,1
227.0000,890.0000,248.5973,892.1502,0.6122,0.3869,1
278.0000,802.0000,299.2158,804.6976,0.8094,0.3394,1
286.0000,802.0000,306.7189,804.9032,0.6327,0.8100,1
294.0000,802.0000,315.0334,804.4162,0.6933,0.3347,1
302.0000,802.0000,323.5992,804.9152,0.9318,0.5310,1
310.0000,802.0000,330.8120,805.0230,0.9405,0.8271,1
318.0000,802.0000,338.8679,804.9586,0.6889,0.7440,1
278.0000,810.0000,299.4318,812.2199,0.9285,0.1848,1
294.0000,810.0000,314.6883,812.4497,0.8882,0.6813,1
302.0000,810.0000,323.3776,813.0197,0.9548,0.5940,1
310.0000,810.0000,331.1647,812.1599,0.9258,0.3706,1
318.0000,810.0000,338.8427,812.7577,0.8320,0.6521,1
326.0000,810.0000,347.0470,812.3341,0.8543,0.4183,1
358.0000,810.0000,379.6480,812.2933,0.7293,0.2837,1
366.0000,810.0000,387.3970,812.3881,0.5167,0.2174,1
278.0000,818.0000,299.0248,821.1098,0.9396,0.7990,1
286.0000,818.0000,307.0336,820.7051,0.5147,0.4475,1
294.0000,818.0000,314.7719,820.4021,0.7172,0.5968,1
302.0000,818.0000,323.2600,820.3616,0.7588,0.1406,1
318.0000,818.0000,338.5211,820.0254,0.9302,0.9993,1
326.0000,818.0000,347.4342,821.1046,0.6083,0.6318,1
358.0000,818.0000,378.7579,820.8825,0.6533,0.8293,1
366.0000,818.0000,387.2604,820.6440,0.8407,0.2845,1
278.0000,826.0000,299.6211,828.7778,0.8402,0.4998,1
286.0000,826.0000,306.9858,829.2011,0.9668,0.8930,1
294.0000,826.0000,315.4255,828.8371,0.7677,0.4379,1
302.0000,826.0000,323.3150,828.2969,0.9376,0.1422,1
310.0000,826.0000,330.5998,828.1440,0.9275,0.8567,1
318.0000,826.0000,338.5770,828.6332,0.8042,0.8651,1
342.0000,826.0000,363.3342,828.6198,0.5794,0.1846,1
350.0000,826.0000,371.7742,829.0286,0.6792,0.5801,1
358.0000,826.0000,379.6162,829.0022,0.5193,0.4768,1
278.0000,834.0000,298.9748,837.1386,0.6793,0.8514,1
286.0000,834.0000,307.3063,836.7110,0.9574,0.3310,1
294.0000,834.0000,314.6409,836.9850,0.9676,0.9344,1
302.0000,834.0000,322.4752,836.0788,0.9717,0.9727,1
310.0000,834.0000,331.3596,836.3590,0.6054,0.0872,1
334.0000,834.0000,355.5687,836.9324,0.8434,0.4621,1
342.0000,834.0000,363.5430,836.8566,0.8759,0.3625,1
350.0000,834.0000,370.8898,836.7244,0.6718,0.6405,1
358.0000,834.0000,379.2368,836.2766,0.9747,0.3777,1
278.0000,842.0000,299.2942,844.9725,0.8274,0.6105,1
286.0000,842.0000,307.3393,845.0903,0.8722,0.7104,1
294.0000,842.0000,315.2694,844.9154,0.8908,0.5283,1
302.0000,842.0000,323.2130,845.0677,0.9422,0.6772,1
310.0000,842.0000,330.8141,844.2378,0.9672,0.6221,1
318.0000,842.0000,338.7845,845.0459,0.8562,0.8761,1
326.0000,842.0000,346.7089,845.1856,0.6900,1.0289,1
334.0000,842.0000,355.0222,844.5076,0.9442,0.4385,1
342.0000,842.0000,363.3053,844.6741,0.7689,0.2474,1
350.0000,842.0000,371.7542,844.8130,0.7724,0.3953,1
358.0000,842.0000,378.9828,844.6707,0.9123,0.5494,1
366.0000,842.0000,387.7249,844.0253,0.9210,0.5564,1
278.0000,850.0000,299.3885,852.4956,0.8737,0.1460,1
286.0000,850.0000,307.7820,852.8830,0.8035,0.6641,1
294.0000,850.0000,315.9893,852.6392,0.7422,0.6662,1
302.0000,850.0000,323.1900,853.0329,0.8654,0.6533,1
310.0000,850.0000,330.6230,852.6794,0.9138,0.8228,1
318.0000,850.0000,338.8744,852.9685,0.7258,0.7600,1
326.0000,850.0000,347.6261,853.0859,0.7364,0.6519,1
334.0000,850.0000,355.2501,853.0367,0.9400,0.5976,1
342.0000,850.0000,363.6773,852.6732,0.9922,0.2679,1
350.0000,850.0000,371.7593,852.0671,0.9505,0.5156,1
358.0000,850.0000,379.7280,852.0253,0.9969,0.5456,1
366.0000,850.0000,387.2011,852.2876,0.7652,0.4190,1
286.0000,858.0000,307.1668,860.6430,0.9164,0.3268,1
294.0000,858.0000,315.8584,860.8572,0.6765,0.6752,1
302.0000,858.0000,323.6096,860.4016,0.8483,0.2213,1
310.0000,858.0000,331.5863,860.0997,0.8768,0.3708,1
318.0000,858.0000,338.9390,860.7542,0.8657,0.5779,1
326.0000,858.0000,347.0749,860.4752,0.8475,0.3680,1
334.0000,858.0000,355.0030,860.9549,0.9797,0.6637,1
342.0000,858.0000,363.6269,860.6569,0.9830,0.2227,1
350.0000,858.0000,371.8526,860.5606,0.9906,0.3599,1
358.0000,858.0000,379.2842,859.8619,0.9976,0.7013,1
366.0000,858.0000,387.5150,860.1165,0.8941,0.4248,1
286.0000,866.0000,307.6186,868.1883,0.7250,0.3225,1
302.0000,866.0000,323.1786,868.2403,0.8103,0.2665,1
310.0000,866.0000,331.9113,868.2359,0.9491,0.5374,1
318.0000,866.0000,339.6792,868.0806,0.9441,0.4384,1
326.0000,866.0000,347.7023,869.0054,0.8410,0.6091,1
334.0000,866.0000,355.9006,868.8707,0.9774,0.5942,1
342.0000,866.0000,363.6085,868.9869,0.9973,0.5156,1
350.0000,866.0000,371.5358,868.6809,0.9762,0.1807,1
358.0000,866.0000,379.2123,868.2066,0.9838,0.4366,1
366.0000,866.0000,387.3040,868.8155,0.5501,0.3600,1
302.0000,874.0000,323.6682,876.1263,0.5037,0.3917,1
318.0000,874.0000,340.2202,876.6730,0.8567,0.8301,1
326.0000,874.0000,347.8925,876.4299,0.7191,0.4499,1
334.0000,874.0000,355.4811,876.5259,0.9424,0.0613,1
342.0000,874.0000,363.9522,876.2849,0.9448,0.5134,1
350.0000,874.0000,371.6506,876.7123,0.8831,0.2607,1
358.0000,874.0000,379.3694,876.7333,0.9581,0.2601,1
278.0000,882.0000,298.4225,884.0658,0.6059,0.9553,1
294.0000,882.0000,315.0772,884.2758,0.8851,0.3125,1
302.0000,882.0000,323.1540,884.5360,0.8264,0.2728,1
310.0000,882.0000,331.2505,884.8528,0.9220,0.4653,1
318.0000,882.0000,339.7481,884.1235,0.6373,0.4459,1
326.0000,882.0000,347.6092,884.0971,0.9078,0.3882,1
334.0000,882.0000,355.1400,884.9612,0.9518,0.5914,1
342.0000,882.0000,363.4219,884.4349,0.8197,0.0742,1
278.0000,890.0000,298.4849,892.6077,0.9840,0.8904,1
286.0000,890.0000,306.6273,891.9902,0.9469,0.8157,1
294.0000,890.0000,314.0573,891.8230,0.9580,1.4268,0
302.0000,890.0000,322.5202,891.6824,0.8802,1.1242,1
310.0000,890.0000,331.3779,892.3470,0.5491,0.0712,1
318.0000,890.0000,339.7548,892.1182,0.7757,0.4522,1
326.0000,890.0000,348.5409,892.5104,0.9543,1.0990,1
334.0000,890.0000,355.3199,892.2317,0.9726,0.2704,1
342.0000,890.0000,363.4217,892.2638,0.9608,0.2224,1
433.0000,802.0000,453.8563,804.6326,0.9419,0.8282,1
441.0000,802.0000,461.9194,804.4230,0.8749,0.8346,1
449.0000,802.0000,470.6069,804.2006,0.9793,0.5467,1
457.0000,802.0000,478.1082,804.0607,0.7528,0.9342,1
489.0000,802.0000,511.3776,804.4548,0.5405,0.6765,1
497.0000,802.0000,518.6979,804.5647,0.6363,0.3003,1
409.0000,810.0000,430.2079,812.6628,0.5629,0.4201,1
417.0000,810.0000,437.8066,813.3633,0.5579,1.0911,1
425.0000,810.0000,446.4973,812.3278,0.8586,0.3921,1
433.0000,810.0000,454.0494,812.7738,0.9770,0.6369,1
441.0000,810.0000,462.3123,812.1128,0.9829,0.7172,1
409.0000,818.0000,430.7920,821.1475,0.9070,0.5274,1
417.0000,818.0000,438.0809,821.6330,0.7443,1.1227,1
425.0000,818.0000,446.5043,821.0699,0.9383,0.4217,1
433.0000,818.0000,454.5393,820.8390,0.9815,0.2019,1
441.0000,818.0000,462.2422,820.6204,0.9886,0.4673,1
449.0000,818.0000,470.6097,820.8537,0.6088,0.1647,1
457.0000,818.0000,479.2712,821.6700,0.6736,1.0672,1
409.0000,826.0000,430.4072,829.1186,0.9206,0.5244,1
417.0000,826.0000,438.4409,829.2436,0.8646,0.6189,1
425.0000,826.0000,447.0951,828.7504,0.9825,0.4369,1
433.0000,826.0000,454.5853,828.3592,0.9926,0.3480,1
441.0000,826.0000,462.4553,828.8639,0.9949,0.2896,1
449.0000,826.0000,471.0438,829.0248,0.9696,0.4411,1
457.0000,826.0000,478.4101,829.7867,0.9511,1.0932,1
409.0000,834.0000,430.3943,837.1351,0.9701,0.5477,1
417.0000,834.0000,438.3854,836.9082,0.9338,0.3627,1
425.0000,834.0000,446.9158,837.4434,0.9936,0.8098,1
433.0000,834.0000,454.3416,836.8237,0.9906,0.3664,1
441.0000,834.0000,462.6146,836.9842,0.9981,0.2903,1
449.0000,834.0000,470.6756,836.9875,0.9945,0.2674,1
457.0000,834.0000,478.5340,837.0306,0.9691,0.3541,1
409.0000,842.0000,430.3288,845.0948,0.9791,0.5475,1
417.0000,842.0000,439.0432,844.7585,0.9803,0.4097,1
425.0000,842.0000,446.6206,845.1917,0.9974,0.5232,1
433.0000,842.0000,454.5762,844.6889,0.9908,0.1071,1
441.0000,842.0000,462.5035,844.8697,0.9988,0.2581,1
449.0000,842.0000,470.8327,844.8947,0.9769,0.2078,1
457.0000,842.0000,478.1503,844.6733,0.9002,0.5905,1
409.0000,850.0000,430.4983,852.3575,0.9240,0.3060,1
417.0000,850.0000,438.7578,853.1329,0.8921,0.4948,1
425.0000,850.0000,446.5970,853.1807,0.9973,0.5179,1
433.0000,850.0000,454.4892,853.3726,0.9927,0.7155,1
441.0000,850.0000,462.5969,852.9605,0.9888,0.2800,1
449.0000,850.0000,470.7819,853.4843,0.9936,0.7693,1
457.0000,850.0000,478.0231,853.0243,0.7726,0.7712,1
409.0000,858.0000,430.5689,860.3983,0.9451,0.2404,1
417.0000,858.0000,438.6639,860.5286,0.9674,0.1201,1
425.0000,858.0000,446.8810,861.2199,0.8892,0.5958,1
433.0000,858.0000,454.4413,860.7757,0.9865,0.2604,1
441.0000,858.0000,462.1499,860.9362,0.9752,0.6014,1
449.0000,858.0000,470.7914,861.7389,0.8666,1.0270,1
457.0000,858.0000,478.3083,861.1964,0.9069,0.6334,1
409.0000,866.0000,430.6120,868.6872,0.9314,0.0622,1
417.0000,866.0000,439.1324,868.7793,0.9908,0.5027,1
425.0000,866.0000,446.7339,869.5171,0.9151,0.8586,1
433.0000,866.0000,454.5385,869.8247,0.6371,1.1561,1
441.0000,866.0000,462.4783,869.2419,0.8977,0.5913,1
449.0000,866.0000,470.9333,869.3088,0.7747,0.6343,1
409.0000,874.0000,431.0834,877.4955,0.7919,0.9816,1
417.0000,874.0000,438.4786,876.8283,0.9464,0.2526,1
425.0000,874.0000,446.6673,877.1102,0.9144,0.4521,1
433.0000,874.0000,455.0874,877.2497,0.7173,0.7020,1
449.0000,874.0000,470.9946,877.5934,0.7172,0.9266,1
457.0000,874.0000,478.9219,877.4624,0.8549,0.7599,1
409.0000,882.0000,431.0596,885.4852,0.7679,0.9643,1
417.0000,882.0000,439.1117,885.2946,0.9708,0.8031,1
425.0000,882.0000,446.4493,885.2491,0.9837,0.6327,1
433.0000,882.0000,454.3452,885.1316,0.9898,0.5717,1
441.0000,882.0000,462.9631,884.8390,0.8706,0.3006,1
449.0000,882.0000,470.9152,885.3452,0.8030,0.6688,1
457.0000,882.0000,478.6206,885.2641,0.7077,0.5550,1
417.0000,890.0000,438.9949,892.2416,0.9490,0.5240,1
425.0000,890.0000,446.9606,892.3972,0.9980,0.3886,1
433.0000,890.0000,454.2122,892.7855,0.9977,0.4872,1
441.0000,890.0000,462.9486,892.8509,0.9506,0.2960,1
449.0000,890.0000,470.3488,892.9392,0.6626,0.4416,1
457.0000,890.0000,479.3753,892.6629,0.5150,0.6384,1
727.0000,802.0000,748.9964,805.0871,0.5068,0.4174,1
743.0000,802.0000,765.3647,805.6973,0.7387,0.3473,1
743.0000,810.0000,766.1304,813.2672,0.7412,0.7535,1
759.0000,818.0000,781.0564,821.8271,0.8156,0.5766,1
727.0000,826.0000,749.1580,829.3723,0.6742,0.1986,1
743.0000,826.0000,765.3793,829.1044,0.7443,0.2367,1
759.0000,826.0000,781.9442,829.5909,0.7210,0.5690,1
711.0000,834.0000,733.1920,837.5190,0.6387,0.2745,1
719.0000,842.0000,740.7365,845.4312,0.7106,0.6097,1
727.0000,842.0000,749.3272,846.3090,0.7348,1.0077,1
735.0000,842.0000,757.7600,845.4637,0.8632,0.4215,1
743.0000,842.0000,765.8420,845.8709,0.7291,0.7059,1
687.0000,850.0000,707.7960,853.5527,0.5759,1.4991,0
703.0000,850.0000,724.4341,853.4673,0.5181,0.8860,1
727.0000,850.0000,749.2504,853.3955,0.8196,0.1368,1
735.0000,850.0000,757.2888,853.8514,0.9203,0.5416,1
743.0000,850.0000,765.5750,853.6112,0.8908,0.3391,1
687.0000,858.0000,709.0475,861.5407,0.8452,0.3899,1
695.0000,858.0000,716.5377,861.2730,0.8604,0.7385,1
735.0000,858.0000,757.0492,860.7497,0.7845,0.6450,1
743.0000,858.0000,764.8889,861.1379,0.9561,0.5298,1
687.0000,866.0000,709.7778,869.6557,0.7713,0.6862,1
727.0000,866.0000,749.8492,868.9682,0.5281,0.5974,1
743.0000,866.0000,765.3017,869.6326,0.6015,0.3176,1
759.0000,866.0000,781.5982,869.4621,0.6169,0.2062,1
695.0000,882.0000,716.9869,884.3201,0.5290,0.9444,1
711.0000,882.0000,733.9082,885.5200,0.8419,0.6535,1
719.0000,882.0000,741.7902,884.4479,0.8130,0.9416,1
695.0000,890.0000,716.8635,893.3570,0.9752,0.4361,1
703.0000,890.0000,725.0248,892.9655,0.8957,0.3796,1
759.0000,890.0000,781.4115,893.2786,0.5245,0.0719,1
818.0000,802.0000,840.9200,805.1628,0.5963,0.5053,1
842.0000,802.0000,864.6899,805.0016,0.6651,0.5622,1
858.0000,802.0000,880.7759,805.1009,0.9133,0.5082,1
866.0000,802.0000,888.6956,805.4105,0.9909,0.2004,1
874.0000,802.0000,896.2234,805.6091,0.8111,0.4532,1
882.0000,802.0000,904.3459,805.4283,0.7139,0.4082,1
818.0000,810.0000,840.9320,812.9835,0.8699,0.6454,1
826.0000,810.0000,848.4055,812.8483,0.6579,0.6919,1
834.0000,810.0000,856.8396,813.2371,0.5456,0.3927,1
842.0000,810.0000,864.5274,812.8116,0.6187,0.7466,1
866.0000,810.0000,889.0602,813.5274,0.8983,0.4089,1
874.0000,810.0000,896.3380,813.8401,0.9971,0.4033,1
882.0000,810.0000,904.7180,813.3117,0.6129,0.3268,1
802.0000,818.0000,824.1469,821.4984,0.7364,0.3690,1
818.0000,818.0000,840.2142,821.9013,0.6985,0.5230,1
826.0000,818.0000,848.1732,820.9822,0.7298,0.6656,1
858.0000,818.0000,880.8540,821.4184,0.8177,0.2701,1
866.0000,818.0000,888.3036,821.9840,0.9768,0.5223,1
874.0000,818.0000,896.9598,821.5582,0.9768,0.2890,1
882.0000,818.0000,904.9070,821.8291,0.5730,0.2877,1
890.0000,818.0000,912.1532,821.5163,0.8782,0.5759,1
802.0000,826.0000,824.7119,829.3091,0.9571,0.2508,1
826.0000,826.0000,848.1043,829.6856,0.5442,0.4952,1
842.0000,826.0000,865.0317,829.3801,0.7293,0.4584,1
850.0000,826.0000,872.3243,829.7210,0.5779,0.3373,1
858.0000,826.0000,881.2436,829.0155,0.9574,0.8265,1
866.0000,826.0000,888.8863,829.6366,0.7608,0.2303,1
874.0000,826.0000,896.2709,829.7978,0.7067,0.4457,1
882.0000,826.0000,904.4895,829.4859,0.8044,0.2522,1
890.0000,826.0000,912.4595,829.5908,0.9068,0.2604,1
802.0000,834.0000,824.8847,837.6822,0.9907,0.4304,1
810.0000,834.0000,832.9452,837.7259,0.8668,0.4808,1
818.0000,834.0000,840.6349,836.9416,0.9369,0.5594,1
826.0000,834.0000,848.6794,837.9844,0.9487,0.4856,1
834.0000,834.0000,856.4275,837.3679,0.9118,0.2264,1
842.0000,834.0000,865.1053,837.6518,0.9852,0.5111,1
850.0000,834.0000,872.4348,837.8576,0.8462,0.3510,1
858.0000,834.0000,880.2632,837.7209,0.7243,0.4044,1
866.0000,834.0000,888.6304,837.3328,0.5390,0.2639,1
874.0000,834.0000,896.5093,836.6962,0.5626,0.9309,1
882.0000,834.0000,903.8478,836.7936,0.8603,1.1899,1
802.0000,842.0000,824.1243,845.8470,0.9959,0.5516,1
810.0000,842.0000,832.4618,845.4859,0.9915,0.0727,1
818.0000,842.0000,840.8896,845.6043,0.9939,0.3562,1
826.0000,842.0000,849.0396,845.1325,0.9776,0.6018,1
834.0000,842.0000,856.5384,845.8932,0.9463,0.3715,1
842.0000,842.0000,864.6845,845.1334,0.9735,0.4159,1
850.0000,842.0000,872.2759,845.8267,0.9182,0.4393,1
858.0000,842.0000,880.7065,845.5449,0.6849,0.0714,1
882.0000,842.0000,904.0967,845.0169,0.8643,0.8541,1
890.0000,842.0000,912.1304,845.8778,0.5550,0.6295,1
802.0000,850.0000,824.6540,853.4007,0.9535,0.1485,1
810.0000,850.0000,832.4479,853.3971,0.9849,0.1140,1
818.0000,850.0000,841.0675,853.9159,0.6437,0.6696,1
826.0000,850.0000,848.1047,853.1752,0.5818,0.5705,1
834.0000,850.0000,856.5642,853.0513,0.7764,0.4713,1
842.0000,850.0000,865.1687,853.5571,0.7612,0.5628,1
850.0000,850.0000,872.8586,853.7968,0.9777,0.3365,1
858.0000,850.0000,880.6592,854.0057,0.8853,0.4339,1
882.0000,850.0000,904.3000,852.8229,0.9562,0.8923,1
890.0000,850.0000,912.6787,853.5831,0.8556,0.0663,1
802.0000,858.0000,824.8413,861.4154,0.9591,0.3271,1
810.0000,858.0000,832.3393,862.0867,0.6550,0.6480,1
818.0000,858.0000,840.2594,860.9955,0.6921,0.5708,1
826.0000,858.0000,848.2145,860.9276,0.9400,0.6759,1
850.0000,858.0000,872.5721,861.0876,0.9741,0.4677,1
858.0000,858.0000,880.5923,860.7634,0.8955,0.8072,1
882.0000,858.0000,904.7406,861.3050,0.8110,0.3173,1
890.0000,858.0000,912.6870,861.9141,0.9676,0.2795,1
802.0000,866.0000,824.2956,869.8068,0.9327,0.4206,1
810.0000,866.0000,832.8549,869.2324,0.9024,0.3962,1
826.0000,866.0000,848.2987,869.1717,0.6596,0.4256,1
834.0000,866.0000,856.5576,869.1895,0.5693,0.3278,1
842.0000,866.0000,864.1794,868.5987,0.5634,1.0270,1
850.0000,866.0000,872.8592,868.7232,0.9787,0.8587,1
858.0000,866.0000,880.7932,868.9993,0.7814,0.5863,1
882.0000,866.0000,904.6388,869.0609,0.6913,0.5583,1
890.0000,866.0000,912.4536,870.0733,0.8514,0.5122,1
810.0000,874.0000,832.4144,877.9443,0.5414,0.4966,1
850.0000,874.0000,873.0205,877.5372,0.9371,0.3955,1
858.0000,874.0000,880.6771,877.3031,0.7448,0.2620,1
882.0000,874.0000,904.9004,877.9001,0.7643,0.3516,1
890.0000,874.0000,912.6761,877.6213,0.9107,0.0402,1
818.0000,882.0000,840.2158,885.9691,0.8546,0.5973,1
826.0000,882.0000,848.7854,885.3025,0.9119,0.2865,1
834.0000,882.0000,857.0309,885.7974,0.6669,0.5270,1
850.0000,882.0000,872.4838,885.2195,0.9073,0.3532,1
858.0000,882.0000,880.7779,885.6051,0.9102,0.1418,1
866.0000,882.0000,888.8441,885.2026,0.5478,0.4161,1
882.0000,882.0000,904.7367,885.8165,0.8795,0.2102,1
890.0000,882.0000,912.9996,885.5994,0.7917,0.2852,1
802.0000,890.0000,824.8951,892.8480,0.7761,0.7019,1
826.0000,890.0000,849.1473,893.3213,0.8406,0.5998,1
842.0000,890.0000,864.4716,893.3573,0.6125,0.2147,1
850.0000,890.0000,872.0287,892.8901,0.5946,0.8826,1
858.0000,890.0000,880.8907,893.4949,0.6147,0.2544,1
866.0000,890.0000,888.3887,893.2360,0.9650,0.4342,1
874.0000,890.0000,896.6778,892.8109,0.6064,0.7792,1
882.0000,890.0000,905.0618,893.2769,0.7737,0.4911,1
890.0000,890.0000,912.3675,893.5257,0.9430,0.3620,1
965.0000,802.0000,987.7230,806.7404,0.5556,0.9397,1
933.0000,834.0000,956.1603,838.4586,0.8368,0.8036,1
941.0000,834.0000,964.0459,838.7492,0.7031,1.0208,1
933.0000,842.0000,955.6760,846.4321,0.8286,0.7131,1
949.0000,842.0000,971.8674,847.0488,0.7627,1.2836,1
957.0000,842.0000,979.4267,846.9700,0.9054,1.2662,1
965.0000,842.0000,987.4423,846.7214,0.9445,1.0226,1
933.0000,850.0000,956.0770,855.0160,0.5738,1.3142,1
949.0000,850.0000,971.9913,854.9612,0.8851,1.2075,1
957.0000,850.0000,979.6262,854.5707,0.7437,0.8271,1
965.0000,850.0000,987.5350,854.8942,0.8234,1.1524,1
941.0000,858.0000,963.5614,862.7316,0.5242,1.0249,1
949.0000,858.0000,971.8668,862.4804,0.9132,0.7214,1
957.0000,858.0000,979.9058,863.1001,0.8927,1.3248,1
965.0000,858.0000,987.9883,863.1376,0.9170,1.3490,0
973.0000,858.0000,995.6648,863.0354,0.7965,1.2488,1
933.0000,866.0000,955.8203,870.3653,0.7458,0.6427,1
941.0000,866.0000,963.7721,870.7784,0.5847,1.0406,1
949.0000,866.0000,971.7797,870.4527,0.9304,0.6999,1
957.0000,866.0000,979.7089,870.9812,0.9928,1.2185,1
965.0000,866.0000,987.8281,870.9651,0.9858,1.1768,1
973.0000,866.0000,996.4378,871.0477,0.8052,1.3520,1
933.0000,874.0000,956.1834,878.1619,0.8291,0.5773,1
941.0000,874.0000,963.9741,878.2286,0.8627,0.5129,1
949.0000,874.0000,972.3768,878.5480,0.9890,0.9545,1
957.0000,874.0000,980.4299,878.9287,0.9866,1.2886,1
965.0000,874.0000,987.8065,879.3907,0.9084,1.6061,0
973.0000,874.0000,996.1227,878.5913,0.5741,0.8183,1
933.0000,882.0000,956.3187,886.5632,0.8487,0.9863,1
941.0000,882.0000,964.3471,886.4028,0.8167,0.8455,1
949.0000,882.0000,971.9132,886.4371,0.8620,0.6901,1
957.0000,882.0000,980.6082,887.0381,0.8903,1.4717,0
965.0000,882.0000,988.5255,886.4079,0.9053,0.8946,1
973.0000,882.0000,996.5645,886.4388,0.6521,0.9195,1
981.0000,882.0000,1004.1237,887.0034,0.7108,1.2037,1
949.0000,890.0000,971.7712,894.4175,0.8800,0.6752,1
957.0000,890.0000,980.4522,894.8959,0.8936,1.2745,1
965.0000,890.0000,988.2719,894.6490,0.8322,0.9509,1
973.0000,890.0000,996.4754,894.6792,0.8347,1.0514,1
989.0000,890.0000,1012.3486,895.1863,0.7211,1.4162,0
32.0000,933.0000,52.3041,934.9232,0.6473,0.4906,1
40.0000,933.0000,60.3042,934.9938,0.8038,0.5223,1
48.0000,933.0000,68.9208,935.3550,0.7554,0.5177,1
48.0000,941.0000,68.1021,943.4282,0.7870,0.9244,1
40.0000,949.0000,60.3364,950.9307,0.9646,0.4766,1
48.0000,949.0000,67.5070,951.2135,0.9372,1.3640,0
56.0000,949.0000,76.8328,950.7966,0.8328,0.0617,1
88.0000,949.0000,108.9519,951.1888,0.7161,0.2672,1
96.0000,949.0000,117.3545,951.3661,0.9390,0.6021,1
104.0000,949.0000,125.6478,950.2495,0.9092,0.9978,1
40.0000,957.0000,59.8365,959.2856,0.5555,1.0708,1
48.0000,957.0000,67.6075,958.5978,0.9051,1.2357,1
56.0000,957.0000,76.2748,958.6005,0.8716,0.6176,1
64.0000,957.0000,85.2152,959.1671,0.6295,0.4653,1
80.0000,957.0000,101.5354,959.0644,0.5518,0.6631,1
88.0000,957.0000,109.0703,959.6788,0.8643,0.7737,1
96.0000,957.0000,117.4862,958.9156,0.9737,0.5589,1
104.0000,957.0000,124.6985,958.6623,0.8471,0.3834,1
48.0000,965.0000,67.3209,966.6023,0.9144,1.5170,0
56.0000,965.0000,76.8998,966.5263,0.7588,0.3314,1
64.0000,965.0000,85.1121,966.8555,0.8900,0.2565,1
72.0000,965.0000,93.3307,966.7883,0.8536,0.4669,1
80.0000,965.0000,101.1738,966.8369,0.8953,0.2892,1
88.0000,965.0000,109.0087,967.1582,0.8972,0.2589,1
96.0000,965.0000,117.2366,966.8045,0.9955,0.3351,1
104.0000,965.0000,124.7088,967.3904,0.9613,0.4983,1
56.0000,973.0000,76.6642,974.7733,0.9164,0.1898,1
64.0000,973.0000,85.2493,975.4536,0.8566,0.7073,1
72.0000,973.0000,92.9524,974.8577,0.9855,0.0819,1
80.0000,973.0000,101.0583,974.6225,0.9939,0.3225,1
88.0000,973.0000,109.0033,975.3099,0.9501,0.4050,1
96.0000,973.0000,116.6957,974.9718,0.9915,0.2360,1
104.0000,973.0000,125.2536,974.8711,0.6625,0.3169,1
48.0000,981.0000,68.0461,983.4896,0.7374,1.0179,1
56.0000,981.0000,76.5843,983.2215,0.8545,0.4536,1
64.0000,981.0000,84.8432,983.4409,0.7661,0.5785,1
72.0000,981.0000,92.7196,982.5856,0.9586,0.3321,1
80.0000,981.0000,100.6865,982.5949,0.9625,0.3649,1
88.0000,981.0000,109.5675,982.4988,0.9181,0.7763,1
40.0000,997.0000,60.5409,1000.0716,0.8823,1.2924,0
48.0000,997.0000,68.3529,999.8142,0.8917,1.0963,1
48.0000,1005.0000,68.4304,1007.7601,0.9543,1.0184,1
56.0000,1005.0000,76.9145,1007.3507,0.8422,0.5196,1
48.0000,1013.0000,68.8956,1015.9440,0.9820,1.1297,1
179.0000,933.0000,200.7143,935.8207,0.7472,0.9217,1
187.0000,933.0000,208.5319,935.3042,0.9785,0.4330,1
195.0000,933.0000,215.9116,934.9704,0.9814,0.3014,1
203.0000,933.0000,223.9522,935.0646,0.8521,0.2409,1
147.0000,941.0000,168.2663,943.0727,0.6009,0.2252,1
171.0000,941.0000,192.2054,943.6305,0.7778,0.5401,1
179.0000,941.0000,200.1637,943.8424,0.9350,0.7258,1
187.0000,941.0000,208.5745,943.8133,0.9652,0.8097,1
195.0000,941.0000,216.1849,942.8760,0.9806,0.2778,1
203.0000,941.0000,223.9103,942.8359,0.9925,0.4209,1
211.0000,941.0000,232.3350,942.9051,0.5077,0.3169,1
227.0000,941.0000,247.9740,942.9184,0.5876,0.3897,1
235.0000,941.0000,256.1740,943.5029,0.8592,0.2758,1
147.0000,949.0000,168.1502,950.7173,0.8054,0.3481,1
155.0000,949.0000,176.7727,950.2801,0.8470,1.0598,1
163.0000,949.0000,185.0540,951.5902,0.8385,1.1000,1
171.0000,949.0000,192.4692,951.2829,0.9019,0.4157,1
179.0000,949.0000,200.5652,951.2930,0.9878,0.4844,1
187.0000,949.0000,208.6571,951.1862,0.9744,0.5271,1
195.0000,949.0000,216.4350,950.8007,0.9834,0.4492,1
203.0000,949.0000,224.0510,950.9237,0.6265,0.2688,1
211.0000,949.0000,232.1620,951.1651,0.9434,0.0301,1
219.0000,949.0000,239.4656,951.4924,0.5955,0.7955,1
227.0000,949.0000,248.4067,951.6558,0.6740,0.4771,1
235.0000,949.0000,255.6832,951.8222,0.9159,0.8120,1
147.0000,957.0000,168.5899,958.3623,0.9384,0.8750,1
155.0000,957.0000,176.7594,959.1198,0.8436,0.7009,1
163.0000,957.0000,184.5103,959.3554,0.9547,0.5125,1
171.0000,957.0000,192.2797,959.9420,0.9590,0.8662,1
179.0000,957.0000,200.7489,959.8878,0.9734,1.0017,1
187.0000,957.0000,208.4173,959.3163,0.9883,0.3405,1
195.0000,957.0000,215.4723,959.9335,0.9725,1.0401,1
203.0000,957.0000,224.2355,959.2768,0.8939,0.1324,1
211.0000,957.0000,231.4984,959.6042,0.9396,0.8095,1
219.0000,957.0000,239.7892,959.3132,0.8830,0.4323,1
235.0000,957.0000,256.4201,959.5783,0.9515,0.3923,1
147.0000,965.0000,168.0364,966.5699,0.9297,0.4722,1
155.0000,965.0000,176.4143,966.6431,0.9293,0.5454,1
163.0000,965.0000,183.9031,967.0756,0.9023,0.1762,1
171.0000,965.0000,192.5200,967.7080,0.9506,0.7469,1
179.0000,965.0000,200.3025,967.1883,0.8659,0.2032,1
187.0000,965.0000,208.4397,967.8443,0.9795,0.7812,1
195.0000,965.0000,216.2343,967.4414,0.9842,0.3102,1
203.0000,965.0000,224.0201,967.7967,0.9957,0.6548,1
211.0000,965.0000,232.1103,967.1923,0.9935,0.0790,1
219.0000,965.0000,240.4408,967.5118,0.9281,0.3965,1
227.0000,965.0000,248.6008,967.7177,0.9853,0.6331,1
235.0000,965.0000,255.9805,967.6815,0.9962,0.5251,1
147.0000,973.0000,168.0392,974.7233,0.9865,0.3157,1
155.0000,973.0000,176.0547,975.2673,0.9618,0.2117,1
163.0000,973.0000,184.2054,975.3181,0.8521,0.2760,1
171.0000,973.0000,192.3833,975.4901,0.9772,0.4923,1
179.0000,973.0000,200.1655,975.8589,0.9885,0.7547,1
187.0000,973.0000,208.4180,975.3048,0.9329,0.3377,1
195.0000,973.0000,216.5660,975.2494,0.9904,0.4286,1
203.0000,973.0000,224.2421,975.5951,0.9947,0.4450,1
211.0000,973.0000,232.3700,975.7363,0.9980,0.5922,1
219.0000,973.0000,240.0516,975.9263,0.9905,0.7528,1
227.0000,973.0000,248.5132,975.2076,0.9958,0.2892,1
235.0000,973.0000,256.0629,974.9709,0.9995,0.3092,1
147.0000,981.0000,168.5021,983.3673,0.9676,0.5655,1
155.0000,981.0000,176.4969,983.3150,0.9511,0.5080,1
163.0000,981.0000,184.7197,983.4533,0.9429,0.7462,1
171.0000,981.0000,192.6401,983.9750,0.9638,1.0412,1
179.0000,981.0000,200.6942,984.0635,0.9958,1.1213,1
187.0000,981.0000,208.7294,983.6805,0.9907,0.8180,1
195.0000,981.0000,216.8369,983.8439,0.9923,0.9847,1
203.0000,981.0000,224.4285,983.2041,0.9972,0.2633,1
211.0000,981.0000,231.5418,984.0728,0.9978,1.1107,1
219.0000,981.0000,239.8998,983.2816,0.9995,0.3209,1
227.0000,981.0000,247.9047,983.6091,0.9600,0.5167,1
235.0000,981.0000,256.3457,983.9567,0.9943,0.7441,1
147.0000,989.0000,168.0510,990.7206,0.7255,0.3124,1
155.0000,989.0000,176.3321,991.4378,0.9200,0.4728,1
163.0000,989.0000,184.4472,991.7036,0.9964,0.7353,1
171.0000,989.0000,192.5218,991.7158,0.7431,0.7615,1
179.0000,989.0000,200.6877,991.1254,0.9851,0.5719,1
187.0000,989.0000,208.3448,991.2348,0.9945,0.2414,1
195.0000,989.0000,216.6701,991.8162,0.9975,0.8570,1
203.0000,989.0000,224.6706,991.3658,0.9995,0.5447,1
211.0000,989.0000,232.1293,991.3422,0.9993,0.1853,1
219.0000,989.0000,239.9184,991.7268,0.9708,0.6151,1
227.0000,989.0000,248.0133,991.3594,0.8688,0.2647,1
235.0000,989.0000,256.5607,991.7845,0.9407,0.6507,1
147.0000,997.0000,168.5200,999.0354,0.9899,0.4755,1
155.0000,997.0000,176.7846,999.3658,0.9836,0.7895,1
163.0000,997.0000,184.0122,998.7985,0.9933,0.2734,1
171.0000,997.0000,192.1654,999.6470,0.9874,0.5710,1
179.0000,997.0000,200.7820,999.0241,0.9898,0.6693,1
187.0000,997.0000,208.3266,998.9426,0.9948,0.2568,1
195.0000,997.0000,216.4727,999.0391,0.9989,0.3326,1
203.0000,997.0000,223.9345,999.1177,0.9998,0.2381,1
211.0000,997.0000,232.2900,998.8765,0.9992,0.3043,1
219.0000,997.0000,240.2294,999.0308,0.9301,0.1511,1
227.0000,997.0000,247.8909,999.6397,0.8459,0.5546,1
235.0000,997.0000,256.2571,999.5490,0.9789,0.3357,1
147.0000,1005.0000,168.1113,1007.5949,0.9818,0.5721,1
155.0000,1005.0000,175.9044,1007.1864,0.9657,0.2134,1
163.0000,1005.0000,184.6069,1007.1693,0.9907,0.5372,1
171.0000,1005.0000,192.6587,1006.9614,0.9975,0.5715,1
179.0000,1005.0000,200.7446,1007.6470,0.9997,0.8368,1
187.0000,1005.0000,208.5758,1007.6192,0.9938,0.6733,1
195.0000,1005.0000,216.7681,1007.3104,0.9908,0.6418,1
203.0000,1005.0000,224.3460,1007.1303,0.9937,0.1754,1
211.0000,1005.0000,232.5354,1007.3966,0.9943,0.4191,1
219.0000,1005.0000,240.5046,1007.2443,0.9915,0.3049,1
227.0000,1005.0000,248.4461,1006.7677,0.9648,0.4799,1
235.0000,1005.0000,256.6136,1007.0692,0.9937,0.3964,1
147.0000,1013.0000,167.6084,1014.6685,0.9310,0.5630,1
155.0000,1013.0000,176.3812,1014.8557,0.8844,0.3677,1
163.0000,1013.0000,184.5777,1015.0250,0.9133,0.4975,1
179.0000,1013.0000,200.5799,1015.7615,0.9951,0.8150,1
187.0000,1013.0000,208.2074,1014.6729,0.9303,0.4402,1
195.0000,1013.0000,216.3905,1015.1362,0.9794,0.2374,1
203.0000,1013.0000,224.6834,1015.2175,0.9908,0.5177,1
219.0000,1013.0000,240.1709,1015.6101,0.9974,0.4376,1
326.0000,933.0000,347.7835,934.8291,0.8989,0.6881,1
334.0000,933.0000,354.9485,935.6264,0.9771,0.5461,1
342.0000,933.0000,363.4162,935.3739,0.9979,0.1097,1
350.0000,933.0000,370.7719,935.4424,0.9424,0.7288,1
358.0000,933.0000,379.0108,935.4700,0.8692,0.5077,1
366.0000,933.0000,387.8917,935.9617,0.6598,0.5734,1
278.0000,941.0000,299.7880,944.4347,0.6298,1.1975,1
286.0000,941.0000,307.8791,943.9251,0.8120,0.7837,1
318.0000,941.0000,339.4536,942.7139,0.7898,0.6952,1
326.0000,941.0000,347.7661,943.4910,0.9156,0.3268,1
334.0000,941.0000,355.2326,943.2380,0.9844,0.3086,1
342.0000,941.0000,363.6862,943.1708,0.9937,0.3530,1
350.0000,941.0000,370.8985,943.8921,0.9486,0.7317,1
358.0000,941.0000,379.6644,943.6084,0.8678,0.1868,1
366.0000,941.0000,387.5054,944.1330,0.8544,0.6248,1
278.0000,949.0000,299.2739,951.8170,0.9892,0.4991,1
286.0000,949.0000,307.2443,951.5907,0.8874,0.2756,1
310.0000,949.0000,331.6051,951.8340,0.6014,0.4859,1
318.0000,949.0000,339.3765,951.5260,0.9724,0.1311,1
326.0000,949.0000,348.1875,951.3534,0.9858,0.7444,1
334.0000,949.0000,355.4215,951.8604,0.9450,0.4236,1
342.0000,949.0000,364.1748,951.8971,0.9842,0.8211,1
350.0000,949.0000,371.0180,951.4460,0.9520,0.4831,1
358.0000,949.0000,379.1069,951.9110,0.9120,0.5893,1
366.0000,949.0000,386.9239,951.4305,0.9017,0.6172,1
278.0000,957.0000,299.9098,959.7263,0.8993,0.7018,1
286.0000,957.0000,307.7100,959.5162,0.9468,0.3970,1
294.0000,957.0000,315.2843,959.5548,0.7689,0.2216,1
302.0000,957.0000,322.9887,959.7469,0.8727,0.5530,1
310.0000,957.0000,331.5936,959.7491,0.9713,0.4068,1
318.0000,957.0000,339.6807,959.0688,0.9697,0.4182,1
326.0000,957.0000,347.8352,959.7095,0.9729,0.4851,1
334.0000,957.0000,356.3413,959.2000,0.9367,0.9078,1
342.0000,957.0000,363.6300,959.5508,0.8330,0.1770,1
366.0000,957.0000,387.3451,960.0397,0.6189,0.5701,1
278.0000,965.0000,299.2280,967.7165,0.9538,0.4156,1
286.0000,965.0000,306.7334,968.2700,0.8954,1.1258,1
294.0000,965.0000,315.4144,967.5459,0.8945,0.2006,1
302.0000,965.0000,323.4375,968.0417,0.9758,0.6771,1
310.0000,965.0000,331.2408,967.7360,0.9820,0.3921,1
318.0000,965.0000,340.2220,966.9355,0.9090,0.9188,1
326.0000,965.0000,347.6420,967.5158,0.9816,0.2191,1
334.0000,965.0000,355.8354,967.4994,0.8838,0.3763,1
342.0000,965.0000,363.6233,967.2794,0.5900,0.2205,1
358.0000,965.0000,378.7450,967.9272,0.5523,0.8925,1
366.0000,965.0000,387.2699,967.5116,0.8704,0.2675,1
278.0000,973.0000,298.8851,975.6009,0.9907,0.5377,1
286.0000,973.0000,307.3534,975.5766,0.8917,0.2472,1
294.0000,973.0000,315.4762,975.6467,0.9532,0.3171,1
302.0000,973.0000,322.9639,975.8739,0.9524,0.6674,1
310.0000,973.0000,331.4215,975.7848,0.9960,0.4053,1
318.0000,973.0000,339.3289,975.4376,0.9481,0.1085,1
326.0000,973.0000,347.5763,975.7576,0.8939,0.3679,1
334.0000,973.0000,355.1411,974.7016,0.9198,0.7970,1
350.0000,973.0000,370.6191,975.1612,0.6846,0.9326,1
358.0000,973.0000,379.1069,975.3062,0.5852,0.4477,1
366.0000,973.0000,387.0432,975.2166,0.8059,0.5681,1
278.0000,981.0000,299.0384,984.2884,0.9743,1.0239,1
286.0000,981.0000,307.5051,984.1213,0.8623,0.8086,1
294.0000,981.0000,314.8319,983.4033,0.9543,0.5468,1
302.0000,981.0000,322.9689,983.8091,0.9791,0.6181,1
310.0000,981.0000,331.4798,983.7254,0.9963,0.3555,1
318.0000,981.0000,339.5655,983.3009,0.6743,0.1643,1
326.0000,981.0000,347.0006,983.0816,0.8538,0.5547,1
334.0000,981.0000,354.5579,982.8487,0.9684,1.0761,1
342.0000,981.0000,362.5207,983.0268,0.8450,1.0492,1
350.0000,981.0000,370.7194,983.8698,0.9656,0.8831,1
358.0000,981.0000,379.3558,983.1091,0.9658,0.4026,1
366.0000,981.0000,387.6528,982.9536,0.9584,0.5520,1
278.0000,989.0000,298.9850,991.4665,0.9240,0.3891,1
286.0000,989.0000,306.8522,991.5459,0.9526,0.5523,1
294.0000,989.0000,314.7995,991.8075,0.9916,0.7420,1
302.0000,989.0000,323.5639,991.1427,0.9958,0.2734,1
310.0000,989.0000,331.8442,991.3618,0.9797,0.4326,1
318.0000,989.0000,339.6863,992.0990,0.7984,0.7538,1
334.0000,989.0000,354.8923,990.7940,0.7149,0.8518,1
342.0000,989.0000,363.3421,991.2521,0.9942,0.2357,1
350.0000,989.0000,371.5469,991.5282,0.9964,0.0842,1
358.0000,989.0000,379.4916,991.2078,0.9969,0.2675,1
366.0000,989.0000,387.2044,991.0151,0.9808,0.5808,1
278.0000,997.0000,299.4574,999.6014,0.8680,0.3202,1
286.0000,997.0000,307.4732,999.8057,0.9891,0.4990,1
294.0000,997.0000,315.5348,999.6996,0.9981,0.3959,1
302.0000,997.0000,323.3354,999.6858,0.9973,0.3373,1
310.0000,997.0000,331.1421,999.9987,0.9936,0.6839,1
318.0000,997.0000,339.2560,999.6317,0.5809,0.3003,1
342.0000,997.0000,363.1744,999.7043,0.9836,0.4091,1
350.0000,997.0000,371.2944,999.6070,0.9983,0.2582,1
358.0000,997.0000,378.8956,999.4150,0.9950,0.6273,1
366.0000,997.0000,387.7240,999.0425,0.9173,0.4820,1
278.0000,1005.0000,298.8465,1007.7739,0.7729,0.6841,1
286.0000,1005.0000,307.0765,1007.7294,0.9909,0.4994,1
294.0000,1005.0000,315.8335,1007.4201,0.9984,0.4652,1
302.0000,1005.0000,323.7854,1008.0341,0.9973,0.7874,1
310.0000,1005.0000,331.0091,1008.0084,0.9970,0.7574,1
318.0000,1005.0000,339.2826,1008.1259,0.9332,0.7565,1
326.0000,1005.0000,347.5548,1007.3004,0.8988,0.1461,1
334.0000,1005.0000,355.5490,1007.3731,0.9664,0.0935,1
342.0000,1005.0000,363.2620,1007.3754,0.9862,0.2303,1
350.0000,1005.0000,371.3271,1007.6097,0.9951,0.2368,1
358.0000,1005.0000,379.3233,1007.0562,0.9880,0.4564,1
366.0000,1005.0000,387.5085,1007.5666,0.5130,0.0877,1
278.0000,1013.0000,299.5916,1015.5675,0.5523,0.3688,1
286.0000,1013.0000,307.6122,1015.8342,0.9764,0.5787,1
310.0000,1013.0000,331.4314,1016.4077,0.9839,1.0436,1
318.0000,1013.0000,339.5208,1016.3452,0.9537,0.9684,1
326.0000,1013.0000,347.8494,1016.1822,0.9931,0.8809,1
350.0000,1013.0000,371.4409,1016.0485,0.9900,0.6039,1
409.0000,989.0000,430.8822,991.7897,0.9749,0.3238,1
409.0000,997.0000,430.3289,1000.4788,0.6772,0.9522,1
802.0000,933.0000,824.4017,935.9414,0.6882,0.4958,1
810.0000,933.0000,832.3803,936.4161,0.9361,0.1588,1
818.0000,933.0000,841.1515,935.9297,0.9916,0.7955,1
826.0000,933.0000,848.2803,935.8236,0.8780,0.7127,1
834.0000,933.0000,856.5523,936.2402,0.8310,0.2528,1
850.0000,933.0000,872.3933,936.0398,0.9008,0.5374,1
858.0000,933.0000,880.1407,936.3011,0.9879,0.5587,1
866.0000,933.0000,888.9358,936.5332,0.9170,0.2731,1
874.0000,933.0000,897.0011,935.9900,0.9920,0.6652,1
882.0000,933.0000,905.1878,936.3137,0.7798,0.5610,1
890.0000,933.0000,912.1969,936.5849,0.9264,0.5214,1
802.0000,941.0000,825.0438,944.4745,0.8069,0.5269,1
810.0000,941.0000,832.8111,944.2608,0.6400,0.3251,1
818.0000,941.0000,840.1474,944.4250,0.8647,0.4094,1
826.0000,941.0000,848.4765,943.6595,0.7550,0.8165,1
834.0000,941.0000,856.8488,943.8404,0.8929,0.6957,1
842.0000,941.0000,864.2234,944.2429,0.9389,0.4663,1
850.0000,941.0000,872.5021,944.2195,0.9272,0.3261,1
858.0000,941.0000,880.5432,944.0436,0.9041,0.5040,1
866.0000,941.0000,888.5441,943.5620,0.8919,0.9990,1
874.0000,941.0000,896.7569,943.7283,0.9769,0.8456,1
882.0000,941.0000,904.8037,944.2844,0.9772,0.3200,1
890.0000,941.0000,913.0254,944.9476,0.8957,0.4610,1
802.0000,949.0000,824.9587,952.3594,0.8900,0.4424,1
818.0000,949.0000,840.3004,952.5803,0.8648,0.2868,1
826.0000,949.0000,848.2765,952.1535,0.6280,0.4324,1
842.0000,949.0000,864.1264,951.8639,0.7357,0.7996,1
850.0000,949.0000,872.8493,952.1552,0.8862,0.4242,1
858.0000,949.0000,880.9948,952.0834,0.9276,0.5697,1
866.0000,949.0000,888.6036,951.6513,0.5516,0.9014,1
874.0000,949.0000,896.7898,952.0681,0.9802,0.5107,1
882.0000,949.0000,904.8448,952.4516,0.8892,0.1960,1
890.0000,949.0000,913.0122,952.9284,0.5398,0.4400,1
802.0000,957.0000,824.4509,959.9695,0.8630,0.4497,1
826.0000,957.0000,848.1183,960.0539,0.6983,0.6134,1
842.0000,957.0000,864.3023,959.9928,0.8867,0.5913,1
850.0000,957.0000,872.9637,960.4338,0.8896,0.3446,1
858.0000,957.0000,880.3509,959.5653,0.9463,1.0099,1
866.0000,957.0000,887.9233,960.2294,0.9907,0.8068,1
874.0000,957.0000,895.9148,960.5145,0.9955,0.7695,1
882.0000,957.0000,904.5636,959.9798,0.9406,0.6167,1
802.0000,965.0000,824.6049,967.7296,0.9699,0.6864,1
810.0000,965.0000,832.8188,967.7659,0.8754,0.7185,1
818.0000,965.0000,840.4497,967.9119,0.5205,0.5430,1
826.0000,965.0000,848.5466,968.0944,0.9090,0.3676,1
834.0000,965.0000,856.6838,968.0245,0.5403,0.4622,1
842.0000,965.0000,864.6005,967.6078,0.8846,0.8866,1
850.0000,965.0000,872.1982,968.0884,0.9787,0.6035,1
858.0000,965.0000,879.8163,968.3886,0.9927,0.8423,1
866.0000,965.0000,888.7251,968.2459,0.9560,0.3046,1
874.0000,965.0000,896.0255,968.4588,0.9628,0.6655,1
882.0000,965.0000,904.4896,967.7250,0.8327,0.8788,1
810.0000,973.0000,832.6476,976.2202,0.6948,0.2313,1
818.0000,973.0000,840.5769,975.4781,0.6295,0.9632,1
826.0000,973.0000,848.1424,976.3968,0.9249,0.4370,1
834.0000,973.0000,856.7262,976.2261,0.9818,0.2819,1
842.0000,973.0000,864.9351,976.2261,0.9898,0.4187,1
850.0000,973.0000,872.3749,975.7402,0.9942,0.8089,1
858.0000,973.0000,880.3290,976.1499,0.9907,0.4917,1
866.0000,973.0000,888.1043,976.4626,0.8977,0.5665,1
874.0000,973.0000,896.2330,976.4140,0.6196,0.4729,1
890.0000,973.0000,913.0718,975.5057,0.6316,1.1416,1
810.0000,981.0000,832.7759,983.9874,0.9688,0.4942,1
818.0000,981.0000,841.0663,984.2265,0.9720,0.5511,1
826.0000,981.0000,848.8950,984.1903,0.9986,0.4148,1
834.0000,981.0000,856.6308,983.4321,0.9929,1.0400,1
842.0000,981.0000,864.8371,984.3127,0.9850,0.2858,1
850.0000,981.0000,872.6885,983.9708,0.9578,0.5374,1
858.0000,981.0000,880.4168,984.0525,0.9658,0.5229,1
866.0000,981.0000,887.9062,984.5318,0.9202,0.7595,1
890.0000,981.0000,911.6847,983.5555,0.6630,1.4623,1
810.0000,989.0000,832.3456,991.8689,0.8009,0.5826,1
818.0000,989.0000,840.9349,992.2714,0.9825,0.4112,1
826.0000,989.0000,848.7312,992.2008,0.9961,0.2951,1
834.0000,989.0000,856.8945,991.9544,0.9990,0.5955,1
842.0000,989.0000,864.7300,992.2785,0.9282,0.2380,1
850.0000,989.0000,872.5429,992.0038,0.9926,0.5055,1
858.0000,989.0000,880.9887,991.9447,0.9845,0.6674,1
866.0000,989.0000,888.5932,991.5700,0.6449,0.9680,1
890.0000,989.0000,912.2451,991.9570,0.5749,0.7877,1
802.0000,997.0000,824.8569,1000.0645,0.8554,0.4730,1
810.0000,997.0000,832.8573,999.8012,0.8912,0.6911,1
818.0000,997.0000,840.5970,999.9403,0.9416,0.4931,1
826.0000,997.0000,848.8058,999.7641,0.8378,0.7220,1
834.0000,997.0000,856.7305,1000.3299,0.9068,0.1921,1
842.0000,997.0000,864.3032,999.8297,0.9857,0.7218,1
850.0000,997.0000,872.5058,1000.0630,0.9959,0.4532,1
858.0000,997.0000,880.7588,999.9310,0.8972,0.5949,1
890.0000,997.0000,912.8414,999.9779,0.7945,0.6164,1
802.0000,1005.0000,824.9904,1007.8719,0.9708,0.7022,1
810.0000,1005.0000,832.6952,1007.6589,0.9959,0.7689,1
818.0000,1005.0000,840.2712,1007.7359,0.9872,0.7501,1
826.0000,1005.0000,848.8567,1008.2391,0.9073,0.3481,1
834.0000,1005.0000,855.9652,1007.8792,0.9252,0.8578,1
842.0000,1005.0000,864.6297,1007.5767,0.9382,0.9024,1
850.0000,1005.0000,872.3282,1007.9614,0.9844,0.6139,1
858.0000,1005.0000,880.1871,1007.7480,0.9238,0.8929,1
874.0000,1005.0000,896.2132,1007.3973,0.8269,1.2416,1
882.0000,1005.0000,905.0613,1007.7897,0.7807,0.8519,1
890.0000,1005.0000,912.6512,1008.4300,0.9177,0.1647,1
810.0000,1013.0000,832.7759,1016.4456,0.9585,0.2381,1
818.0000,1013.0000,840.4277,1016.4053,0.9908,0.1326,1
989.0000,933.0000,1012.6250,937.4026,0.6041,0.9024,1
941.0000,941.0000,963.7598,945.6345,0.5767,0.9270,1
957.0000,941.0000,980.3302,945.3152,0.8031,0.7340,1
949.0000,949.0000,972.0139,953.7139,0.9258,1.0030,1
957.0000,949.0000,979.9796,953.6336,0.9134,0.8995,1
973.0000,949.0000,996.1582,953.8862,0.6012,1.1402,1
949.0000,957.0000,972.0608,961.3597,0.9636,0.6720,1
957.0000,957.0000,980.5047,961.7625,0.9706,1.2054,1
965.0000,957.0000,987.9022,962.1520,0.7258,1.3976,0
941.0000,965.0000,964.4671,969.1077,0.7812,0.7522,1
949.0000,965.0000,972.5990,969.0398,0.9508,0.8132,1
957.0000,965.0000,980.7357,969.3754,0.6084,1.0768,1
933.0000,973.0000,955.7434,977.2143,0.6627,0.5379,1
941.0000,973.0000,964.1431,977.1701,0.8186,0.5639,1
949.0000,973.0000,972.7188,977.6660,0.9644,1.2864,1
957.0000,973.0000,980.8423,977.5187,0.8676,1.2505,1
933.0000,981.0000,956.1044,985.1119,0.9315,0.5203,1
941.0000,981.0000,964.8146,985.4500,0.9116,1.2368,1
949.0000,981.0000,971.7153,984.9102,0.7222,0.2415,1
957.0000,981.0000,980.4790,985.2927,0.9571,0.8295,1
965.0000,981.0000,988.1161,985.2654,0.9108,0.5676,1
973.0000,981.0000,996.2099,985.1464,0.8065,0.4894,1
933.0000,989.0000,956.7879,993.4489,0.7278,1.2413,1
941.0000,989.0000,964.5939,993.1229,0.9814,0.8725,1
949.0000,989.0000,972.5246,992.8528,0.9614,0.6867,1
957.0000,989.0000,980.0325,993.6690,0.8470,0.9572,1
965.0000,989.0000,988.4150,993.0320,0.9382,0.6003,1
973.0000,989.0000,996.6661,993.3571,0.7432,0.9662,1
981.0000,989.0000,1004.6128,993.3770,0.5986,0.9134,1
933.0000,997.0000,956.0288,1001.0420,0.5744,0.4260,1
941.0000,997.0000,963.7327,1001.1030,0.9347,0.4266,1
949.0000,997.0000,972.8937,1001.1474,0.7615,1.1301,1
957.0000,997.0000,980.8449,1001.7600,0.8835,1.4228,0
965.0000,997.0000,988.4793,1001.0331,0.9500,0.6589,1
933.0000,1005.0000,956.3949,1009.5271,0.8652,1.0341,1
941.0000,1005.0000,964.0649,1009.3691,0.7354,0.7207,1
949.0000,1005.0000,972.1392,1009.4539,0.6124,0.8037,1
957.0000,1005.0000,980.6283,1009.8705,0.7144,1.3775,0
965.0000,1005.0000,988.5958,1009.5943,0.8965,1.1113,1
973.0000,1005.0000,996.1792,1009.9787,0.8411,1.2557,1
